signal_ts_ns,fill_ts_ns,direction,qty,buy_venue,sell_venue,buy_vwap,sell_vwap,expected_pnl,realized_pnl,edge_decay,status
141848681,147614496,coinbase->binance,0.25,coinbase,binance,29937.393149535284,29937.216694587136,0.7537212163606455,-4.534713886720056,5.288435103080701,FILLED
237765528,244212270,binance->coinbase,0.25,binance,coinbase,29902.8275966984,29883.744140328734,2.2049817877932583,-9.254379886284369,11.459361674077627,FILLED
247343207,252870292,coinbase->binance,0.25,coinbase,binance,29911.251037848004,29920.074735970677,0.9901216886764814,-2.281204309914756,3.2713259985912373,FILLED
247766427,256320547,coinbase->binance,0.25,coinbase,binance,29923.979111507404,29909.482106999134,3.485111352689273,-8.11212314356817,11.597234496257443,FILLED
390409664,396521070,binance->coinbase,0.25,binance,coinbase,29979.4769711134,29981.117425814355,2.023020350564366,-4.086971915898175,6.109992266462541,FILLED
408987403,414541179,coinbase->binance,0.25,coinbase,binance,29942.043775773705,29934.327845120308,1.0886356123683072,-6.419903433182299,7.508539045550606,FILLED
410299802,416587300,binance->coinbase,0.25,binance,coinbase,29943.143400379893,29938.966704340346,1.750928924719119,-5.535227850339652,7.286156775058771,FILLED
453619285,460011630,binance->coinbase,0.25,binance,coinbase,29976.021304000704,29972.7990067167,1.941832048139986,-5.301655286872119,7.243487335012105,FILLED
464712716,470194405,binance->coinbase,0.25,binance,coinbase,29952.690595127726,29951.909328586044,1.590911395657713,-4.688142098035314,6.279053493693027,FILLED
465443358,472346439,binance->coinbase,0.25,binance,coinbase,29947.51379069908,29940.524000008525,4.397944188275687,-6.238875762174757,10.636819950450445,FILLED
506286408,512387582,coinbase->binance,0.25,coinbase,binance,29935.07594399036,29929.992273612716,0.986104895756398,-5.76092480249099,6.747029698247388,FILLED
581398427,587615957,binance->coinbase,0.25,binance,coinbase,29904.476788893196,29895.71379732004,1.5462747874134948,-6.675543112465675,8.22181789987917,FILLED
628522661,634363340,coinbase->binance,0.25,coinbase,binance,29861.67118531245,29872.044588336117,1.0322167689419075,-1.8864185920310774,2.918635360972985,FILLED
697007828,702967586,binance->coinbase,0.25,binance,coinbase,29808.533961231344,29804.269841973495,0.8006276981959672,-5.536883496720293,6.33751119491626,FILLED
746968900,752456122,coinbase->binance,0.25,coinbase,binance,29747.04403961551,29744.77179704149,1.2808908238894219,-5.030003637319169,6.310894461208591,FILLED
772595299,778516162,coinbase->binance,0.25,coinbase,binance,29825.29630020918,29820.872375664287,2.9428745885988974,-5.579554385026313,8.52242897362521,FILLED
826004175,831758587,coinbase->binance,0.25,coinbase,binance,29767.935710046135,29767.422570242423,2.2445333212644982,-4.5934496504441995,6.837982971708698,FILLED
846608578,852721843,coinbase->binance,0.25,coinbase,binance,29836.59964505869,29834.037718713975,1.3487048258366485,-5.1158434366207075,6.464548262457356,FILLED
889462279,894518152,coinbase->binance,0.25,coinbase,binance,29720.415864029248,29718.298961605215,3.410814187805954,-4.9871821404913135,8.397996328297268,FILLED
890154989,896493233,coinbase->binance,0.25,coinbase,binance,29726.886313630202,29718.637850519583,5.704592726840019,-6.520736301544275,12.225329028384294,FILLED
890391533,896493233,coinbase->binance,0.25,coinbase,binance,29726.886313630202,29718.637850519583,4.969383018222288,-6.520736301544275,11.490119319766563,FILLED
949998030,956333423,binance->coinbase,0.25,binance,coinbase,29738.78147317145,29737.636951934175,2.0758389496413656,-4.746833078170312,6.822672027811677,FILLED
950040560,955668417,binance->coinbase,0.25,binance,coinbase,29730.025461151163,29737.636951934175,5.036724177773976,-2.557392272497964,7.59411645027194,FILLED
992140314,997932435,binance->coinbase,0.25,binance,coinbase,29777.888288877533,29773.16527229071,1.535524065196114,-5.646965088379147,7.182489153575261,FILLED
1015675863,1021789722,coinbase->binance,0.25,coinbase,binance,29765.156127745908,29761.970408530044,2.6114126321544973,-5.261043937166505,7.8724565693210025,FILLED
1015695540,1021307323,coinbase->binance,0.25,coinbase,binance,29765.156127745908,29762.26298255081,1.726161441255499,-5.18791506067646,6.914076501931959,FILLED
1086897071,1093325184,coinbase->binance,0.25,coinbase,binance,29786.550720295538,29777.52838479572,1.7527165007250005,-6.723115366223283,8.475831866948283,FILLED
1142943821,1148039468,binance->coinbase,0.25,binance,coinbase,29821.17840327995,29813.390664832634,2.582774995345062,-6.419332598476103,9.002107593821165,FILLED
1167179281,1173421413,coinbase->binance,0.25,coinbase,binance,29786.02633759832,29790.877098253204,2.999117030278285,-3.2554563249514104,6.254573355229695,FILLED
1195994413,1201714646,coinbase->binance,0.25,coinbase,binance,29791.32110983829,29799.40369900783,1.4559186857841269,-2.4484550035494976,3.9043736893336245,FILLED
1211126518,1216459401,binance->coinbase,0.25,binance,coinbase,29755.347705321037,29738.982192138217,0.8964132719856934,-8.553043900185003,9.449457172170696,FILLED
1215669355,1222693975,coinbase->binance,0.25,coinbase,binance,29733.728142330503,29733.772551552534,3.7364360806077457,-4.448959136302619,8.185395216910365,FILLED
1215716225,1222693975,coinbase->binance,0.25,coinbase,binance,29733.728142330503,29733.772551552534,3.2945004917573897,-4.448959136302619,7.743459628060009,FILLED
1218379310,1224593041,coinbase->binance,0.25,coinbase,binance,29739.203308304488,29733.688646948973,2.216252198044458,-5.839270102057526,8.055522300101984,FILLED
1282420608,1287994448,binance->coinbase,0.25,binance,coinbase,29774.09183706374,29787.900061655102,2.280900088092494,-1.015438450178408,3.296338538270902,FILLED
1297373697,1304186565,binance->coinbase,0.25,binance,coinbase,29752.08495759024,29742.702515584177,1.3936082218506272,-6.80748500095342,8.201093222804047,FILLED
1306765622,1313097510,coinbase->binance,0.25,coinbase,binance,29697.417452687805,29696.111991036323,2.534420260164552,-4.780912757691112,7.315333017855664,FILLED
1438922269,1444730766,coinbase->binance,0.25,coinbase,binance,29767.06445889941,29751.93746950321,1.3954298382286652,-8.246050668415592,9.641480506644257,FILLED
1519618400,1526501759,binance->coinbase,0.25,binance,coinbase,29722.747115079183,29717.002873438723,4.897096604993749,-5.893898053212979,10.790994658206728,FILLED
1519674142,1525184198,binance->coinbase,0.25,binance,coinbase,29717.58929151821,29717.002873438723,5.513588266292572,-4.604184271791382,10.117772538083955,FILLED
1520332382,1526501759,binance->coinbase,0.25,binance,coinbase,29722.747115079183,29717.002873438723,1.7417308662206779,-5.893898053212979,7.635628919433657,FILLED
1763722384,1769158576,coinbase->binance,0.25,coinbase,binance,29457.830279445123,29456.283929681227,0.8510152873750485,-4.805184665402521,5.65619995277757,FILLED
1811637823,1817534043,coinbase->binance,0.25,coinbase,binance,29430.550050599348,29404.872570672665,1.3150733000175023,-10.832668615264083,12.147741915281586,FILLED
1845057869,1851612380,binance->coinbase,0.25,binance,coinbase,29404.672768477063,29401.95154489597,1.4434035221083832,-5.090734688186785,6.534138210295168,FILLED
1878613334,1884512938,binance->coinbase,0.25,binance,coinbase,29423.34255294895,29404.876741870306,1.4016694474194082,-9.028107571495639,10.429777018915047,FILLED
1916275337,1922935478,coinbase->binance,0.25,coinbase,binance,29297.693835247515,29306.45687063337,1.306918099563518,-2.204333380593198,3.511251480156716,FILLED
2053180071,2058999380,coinbase->binance,0.25,coinbase,binance,29199.835062197562,29208.65496281499,2.4625132768705953,-2.175441100003809,4.637954376874404,FILLED
2297667685,2304070754,binance->coinbase,0.25,binance,coinbase,29192.912562959766,29170.77098600603,1.396050896264569,-9.912116965181667,11.308167861446236,FILLED
2338153193,2345330346,binance->coinbase,0.25,binance,coinbase,29257.21415220149,29259.568852831562,1.1040381609382166,-3.8001424353751645,4.904180596313381,FILLED
2420655615,2426954635,coinbase->binance,0.25,coinbase,binance,29176.20628963044,29192.402475556577,2.574809423419538,-0.3281942712073942,2.903003694626932,FILLED
2459501844,2464835251,binance->coinbase,0.25,binance,coinbase,29157.767869894156,29161.49983040105,0.8818610266516771,-3.441048249810592,4.322909276462269,FILLED
2460869334,2467503218,binance->coinbase,0.25,binance,coinbase,29157.767869894156,29152.8939304492,2.884444401964174,-5.591662647778321,8.476107049742495,FILLED
2690017539,2696301072,coinbase->binance,0.25,coinbase,binance,29318.359923785592,29314.964495488246,2.61655726180652,-5.246441291488736,7.862998553295256,FILLED
2807492765,2813618184,coinbase->binance,0.25,coinbase,binance,29346.318515209638,29346.696198447957,1.1508845907501382,-4.307545851863324,5.458430442613462,FILLED
2876577072,2882362493,binance->coinbase,0.25,binance,coinbase,29350.062318444412,29352.323500872142,1.4089819541568431,-3.837439859076767,5.24642181323361,FILLED
2876634961,2883603397,binance->coinbase,0.25,binance,coinbase,29350.062318444412,29361.549251796547,1.663502190629515,-1.5319247030683982,3.1954268936979133,FILLED
2934755917,2940973392,coinbase->binance,0.25,coinbase,binance,29349.05712076511,29345.30661515342,1.1095922595977754,-5.339797445756631,6.449389705354406,FILLED
2953474410,2959881522,coinbase->binance,0.25,coinbase,binance,29351.390636336906,29348.513241227432,4.296534857265215,-5.121913503063297,9.418448360328512,FILLED
3141693969,3148251032,binance->coinbase,0.25,binance,coinbase,29548.249343332547,29549.194105070957,3.58176493760584,-4.19614144307161,7.77790638067745,FILLED
3189980186,3195460785,coinbase->binance,0.25,coinbase,binance,29491.546416270827,29485.488077742364,1.2744575346214333,-5.938013677629897,7.21247121225133,FILLED
3222489956,3228249316,coinbase->binance,0.25,coinbase,binance,29518.854191174512,29523.577887696534,1.0268750166042082,-3.2471401829971,4.274015199601308,FILLED
3275614036,3280689968,coinbase->binance,0.25,coinbase,binance,29477.346977438057,29473.56245962109,0.7965419802631004,-5.367542274966581,6.164084255229682,FILLED
3410286645,3416280692,binance->coinbase,0.25,binance,coinbase,29363.323369323596,29358.63458094798,2.6105610498507303,-5.576226720465456,8.186787770316187,FILLED
3454455805,3460952170,coinbase->binance,0.25,coinbase,binance,29464.207949538617,29454.80795107456,2.23698308767689,-6.769160808522429,9.006143896199319,FILLED
3724941084,3730477446,binance->coinbase,0.25,binance,coinbase,29633.46373485749,29633.50274211801,2.435988867512606,-4.435271645825196,6.871260513337802,FILLED
3782069215,3787358516,coinbase->binance,0.25,coinbase,binance,29627.39365674954,29623.817197233388,0.8770944415364283,-5.338045104574121,6.215139546110549,FILLED
4005065328,4010828658,binance->coinbase,0.25,binance,coinbase,29461.31972750729,29460.20695320761,1.3933491453362876,-4.697280256616068,6.090629401952356,FILLED
4024343878,4029777213,coinbase->binance,0.25,coinbase,binance,29468.000543681017,29465.4266017353,1.9234481905587018,-5.0635568708839855,6.987005061442687,FILLED
4142195677,4148672167,binance->coinbase,0.25,binance,coinbase,29461.153083191864,29473.05262934653,1.1510136067154235,-1.445476378427884,2.5964899851433074,FILLED
4143174569,4149471624,binance->coinbase,0.25,binance,coinbase,29475.31639450777,29473.05262934653,1.4268380737858024,-4.98701237296973,6.413850446755532,FILLED
4159059644,4164258922,binance->coinbase,0.25,binance,coinbase,29455.707448735222,29455.83660199245,0.7647159987036503,-4.38608071832914,5.15079671703279,FILLED
4421281525,4426800772,binance->coinbase,0.25,binance,coinbase,29487.79750656442,29484.940134624554,1.154545492602665,-5.137226873757754,6.291772366360419,FILLED
4531400065,4536482960,coinbase->binance,0.25,coinbase,binance,29472.78228165486,29464.774300867084,2.462250324766501,-6.422512140153231,8.884762464919731,FILLED
4556008160,4561612438,coinbase->binance,0.25,coinbase,binance,29479.911109879733,29470.469432198042,1.2642427136770493,-6.781934003020979,8.046176716698028,FILLED
4568355081,4574383437,binance->coinbase,0.25,binance,coinbase,29479.495832295146,29474.833440565384,0.9160554978161599,-5.587056068111451,6.503111565927611,FILLED
4599900686,4605263072,coinbase->binance,0.25,coinbase,binance,29542.853469184924,29540.26658646351,1.2510994059957739,-5.078019356595178,6.3291187625909515,FILLED
4630454824,4636987224,binance->coinbase,0.25,binance,coinbase,29473.963188893227,29501.241376045113,7.649490728193996,2.3957244909224755,5.25376623727152,FILLED
4630482439,4636186379,binance->coinbase,0.25,binance,coinbase,29502.304429030086,29501.241376045113,4.195613992314065,-4.691002605299218,8.886616597613283,FILLED
4636987224,4643151730,binance->coinbase,0.25,binance,coinbase,29474.60302435031,29467.03796087274,2.395724490923385,-6.311699816697001,8.707424307620386,FILLED
4665202652,4672089918,binance->coinbase,0.25,binance,coinbase,29460.500567388,29476.35309231542,1.0383649691984829,-0.45752910574537964,1.4958940749438625,FILLED
4791963677,4798286381,coinbase->binance,0.25,coinbase,binance,29423.29726017331,29411.212822180372,1.9840099460234342,-7.43399986536042,9.418009811383854,FILLED
4832231165,4837823470,binance->coinbase,0.25,binance,coinbase,29327.87225557481,29337.71594031423,0.9485034756507957,-1.9392440219553464,2.887747497606142,FILLED
4905815248,4912534126,binance->coinbase,0.25,binance,coinbase,29272.451758475763,29269.942765437467,2.8621895333808425,-5.017865124042146,7.880054657422988,FILLED
5025711866,5032667027,coinbase->binance,0.25,coinbase,binance,29195.624297035978,29185.833235288635,1.662216227110548,-6.826619528304036,8.488835755414584,FILLED
5030277084,5036712528,binance->coinbase,0.25,binance,coinbase,29211.463674758987,29202.259300291298,1.0517476306749813,-6.681892730689469,7.733640361364451,FILLED
5037544864,5043583862,binance->coinbase,0.25,binance,coinbase,29165.578449134344,29173.645778204795,1.2264640307448644,-2.358811232664266,3.5852752634091303,FILLED
5045226224,5051773100,binance->coinbase,0.25,binance,coinbase,29165.68791695997,29162.30989064987,2.3390183582087047,-5.219021962438092,7.558040320646796,FILLED
5142893632,5149367104,binance->coinbase,0.25,binance,coinbase,29174.131691275386,29179.450040026357,0.7299038464288969,-3.0470644008237286,3.7769682472526256,FILLED
5170433431,5177215908,binance->coinbase,0.25,binance,coinbase,29171.445386668434,29184.697502150786,1.3755186339758438,-1.0640131489608393,2.439531782936683,FILLED
5248053880,5253663540,binance->coinbase,0.25,binance,coinbase,29226.703840854734,29234.621081222114,2.5060903172134203,-2.405487208319755,4.9115775255331755,FILLED
5267448665,5273254221,coinbase->binance,0.25,coinbase,binance,29211.775924567228,29215.297707922196,1.5879698936250861,-3.501496639110883,5.089466532735969,FILLED
5327171476,5332970549,binance->coinbase,0.25,binance,coinbase,29298.79334693054,29298.68244180313,1.5193967862996942,-4.422534193379761,5.941930979679455,FILLED
5328144545,5333976731,binance->coinbase,0.25,binance,coinbase,29298.79334693054,29311.291846979602,1.2790009071059103,-1.27144383977884,2.55044474688475,FILLED
5393802161,5399382883,binance->coinbase,0.25,binance,coinbase,29365.712378490072,29371.496594638138,1.9337686994349497,-2.9593812413722844,4.893149940807234,FILLED
5429421642,5435550391,binance->coinbase,0.25,binance,coinbase,29381.736024231057,29377.48176876511,0.8582375238465829,-5.470398844574447,6.32863636842103,FILLED
5459690730,5466521330,coinbase->binance,0.25,coinbase,binance,29367.606962897873,29363.96378632833,1.0299479937502838,-5.315753027991377,6.345701021741661,FILLED
5626547414,5632829115,binance->coinbase,0.25,binance,coinbase,29381.29129478646,29378.323266515163,1.7604472831490057,-5.148903959216113,6.909351242365119,FILLED
5627381898,5632829115,binance->coinbase,0.25,binance,coinbase,29381.29129478646,29378.323266515163,2.178008395408142,-5.148903959216113,7.326912354624255,FILLED
5711938283,5718968269,coinbase->binance,0.25,coinbase,binance,29352.709442782074,29348.293723398503,2.1447288856033992,-5.506615476340812,7.651344361944211,FILLED
5725389542,5731171957,binance->coinbase,0.25,binance,coinbase,29362.740997016666,29359.374534053688,0.99647901247954,-5.245690244000798,6.242169256480338,FILLED
5730516825,5736330150,coinbase->binance,0.25,coinbase,binance,29361.652251341697,29354.291074303586,1.3574591780115952,-6.244174038377423,7.601633216389018,FILLED
5776053610,5782546271,binance->coinbase,0.25,binance,coinbase,29425.521578174932,29434.015389599703,1.091066652779773,-2.2912247616759487,3.3822914144557217,FILLED
5828921120,5834721489,coinbase->binance,0.25,coinbase,binance,29449.540251376613,29441.264113052974,1.4595359063032447,-6.486051811700236,7.94558771800348,FILLED
5891935543,5897549334,binance->coinbase,0.25,binance,coinbase,29618.147168643394,29620.09843738973,3.719119402432625,-3.9551000155870497,7.674219418019675,FILLED
5948995542,5954965195,coinbase->binance,0.25,coinbase,binance,29644.71371070357,29642.32593793293,0.9885358518877183,-5.04353086062747,6.0320667125151886,FILLED
5949124947,5954965195,coinbase->binance,0.25,coinbase,binance,29644.71371070357,29642.32593793293,1.0206059988959169,-5.04353086062747,6.064136859523387,FILLED
6031951613,6039188995,binance->coinbase,0.25,binance,coinbase,29582.988454585524,29584.59505687168,1.4699066724097065,-4.035958356877018,5.505865029286724,FILLED
6156336698,6161492898,coinbase->binance,0.25,coinbase,binance,29594.687016896707,29589.332668864277,1.4973985844162598,-5.77752234323998,7.27492092765624,FILLED
6170692245,6176491302,binance->coinbase,0.25,binance,coinbase,29601.232644673302,29598.196755361507,1.5639690366742798,-5.1988536357184785,6.762822672392758,FILLED
6244989876,6250836981,binance->coinbase,0.25,binance,coinbase,29622.733575705588,29621.126926722667,2.5789961663804206,-4.84491161718779,7.423907783568211,FILLED
6441935459,6447916206,coinbase->binance,0.25,coinbase,binance,29779.84797774634,29774.30417611176,1.2624534524320552,-5.852650415225071,7.115103867657126,FILLED
6447605371,6453734505,coinbase->binance,0.25,coinbase,binance,29792.582404748824,29789.91878495221,1.094251916036228,-5.134659128876592,6.22891104491282,FILLED
6468204995,6473930728,binance->coinbase,0.25,binance,coinbase,29850.827357112856,29847.879573712264,2.871984164367859,-5.214275175374496,8.086259339742355,FILLED
6499867080,6507988988,binance->coinbase,0.25,binance,coinbase,29852.754392491304,29855.831282714633,1.5416140663282931,-3.70899829206337,5.250612358391663,FILLED
6665380703,6671677954,coinbase->binance,0.25,coinbase,binance,29731.770400724316,29730.273763783534,1.1401738746608316,-4.833849963456487,5.9740238381173185,FILLED
6689809762,6696350034,binance->coinbase,0.25,binance,coinbase,29724.103506446616,29704.390448036083,0.81529384678106,-9.384908822758916,10.200202669539976,FILLED
6949564737,6955031956,coinbase->binance,0.25,coinbase,binance,29710.960450361858,29710.204531935768,1.7910401763047048,-4.6455858781555435,6.436626054460248,FILLED
7008445223,7014607221,coinbase->binance,0.25,coinbase,binance,29661.710299495728,29657.1967557016,1.5637511903742052,-5.577416816267032,7.141168006641237,FILLED
7139226871,7144836996,binance->coinbase,0.25,binance,coinbase,29793.19968628729,29810.002130449782,1.1245752505801647,-0.27004915673660435,1.394624407316769,FILLED
7321773446,7328024050,coinbase->binance,0.25,coinbase,binance,29831.378921075615,29849.265168770922,1.806251215827615,-0.004039226719214639,1.8102904425468296,FILLED
7378640522,7384368063,binance->coinbase,0.25,binance,coinbase,29823.348567702,29820.538397424145,2.968359453931953,-5.175763837591148,8.144123291523101,FILLED
7451595149,7457894363,coinbase->binance,0.25,coinbase,binance,29750.062489429703,29730.660226769225,1.516093809152153,-9.3121049254014,10.828198734553553,FILLED
7537651173,7544494855,coinbase->binance,0.25,coinbase,binance,29649.477652299152,29631.853173243628,2.371905281450381,-8.852660187773836,11.224565469224217,FILLED
7539495396,7546213118,coinbase->binance,0.25,coinbase,binance,29649.597036454874,29631.853173243628,3.739619685499747,-8.882518165119109,12.622137850618856,FILLED
7830632314,7836095962,binance->coinbase,0.25,binance,coinbase,29513.715702134836,29510.2620309141,2.5668127214939886,-5.29012979338313,7.856942514877119,FILLED
7843345957,7849023383,coinbase->binance,0.25,coinbase,binance,29501.154160248057,29499.6054956524,1.2660553939094825,-4.812261839722851,6.078317233632333,FILLED
7915253110,7921066400,coinbase->binance,0.25,coinbase,binance,29428.608791034367,29425.16623050261,0.8188817888012636,-5.274759323567196,6.093641112368459,FILLED
8017559185,8023431629,coinbase->binance,0.25,coinbase,binance,29407.690876251563,29409.598982489668,0.9171310281590195,-3.934222477223557,4.851353505382576,FILLED
8092067360,8098142327,binance->coinbase,0.25,binance,coinbase,29533.0205521861,29528.66578457363,4.684450236568409,-5.518209509184089,10.202659745752499,FILLED
8092289108,8098142327,binance->coinbase,0.25,binance,coinbase,29533.0205521861,29528.66578457363,5.9343845788243925,-5.518209509184089,11.452594088008482,FILLED
8273436165,8280667693,coinbase->binance,0.25,coinbase,binance,29524.40803314806,29528.499448165512,1.3134776668211998,-3.406012021360766,4.719489688181966,FILLED
8388777885,8394368129,binance->coinbase,0.25,binance,coinbase,29520.82352947807,29517.671881489212,1.1800825137397624,-5.215720361837157,6.395802875576919,FILLED
8615978601,8622341319,binance->coinbase,0.25,binance,coinbase,29613.488410050024,29600.181162963658,2.428662319889554,-7.767504308390016,10.19616662827957,FILLED
8745551989,8751140887,coinbase->binance,0.25,coinbase,binance,29594.224744216346,29582.787434235095,2.1900192383554895,-7.297889341445625,9.487908579801115,FILLED
8774018377,8780177652,coinbase->binance,0.25,coinbase,binance,29587.77612252358,29585.709834359575,0.9463597624171598,-4.954635144971689,5.900994907388849,FILLED
8775835617,8781332002,coinbase->binance,0.25,coinbase,binance,29593.030478548382,29585.282906518103,1.3079064801004279,-6.37546020075024,7.683366680850668,FILLED
8865595051,8871955851,coinbase->binance,0.25,coinbase,binance,29638.37568489875,29635.057373944866,1.4055438574132495,-5.275168175658109,6.680712033071359,FILLED
8987874193,8993963222,coinbase->binance,0.25,coinbase,binance,29554.02921292818,29538.96391749998,1.1747935758321546,-8.198674974218193,9.373468550050347,FILLED
9023990382,9030353466,coinbase->binance,0.25,coinbase,binance,29564.19871693786,29560.220963182754,1.9297094552293856,-5.428869358628617,7.358578813858003,FILLED
9032400496,9039195391,coinbase->binance,0.25,coinbase,binance,29607.790655366796,29614.51943301656,4.28878506307683,-2.759310624745922,7.048095687822752,FILLED
9048076582,9054479295,binance->coinbase,0.25,binance,coinbase,29623.193408970183,29621.7595429709,4.573414780707935,-4.801802124566166,9.375216905274101,FILLED
9116841480,9122796838,coinbase->binance,0.25,coinbase,binance,29534.125120370823,29552.44230598796,1.4229449916192607,0.14826177694703802,1.2746832146722227,FILLED
9123670731,9130240639,coinbase->binance,0.25,coinbase,binance,29541.71622398349,29527.166495446734,0.922853310427854,-8.067962081359838,8.990815391787692,FILLED
9192546039,9198219330,coinbase->binance,0.25,coinbase,binance,29533.484640201386,29515.84722253632,1.005333318472367,-8.838495241414421,9.843828559886788,FILLED
9193159882,9199842922,coinbase->binance,0.25,coinbase,binance,29533.484640201386,29545.488640643907,1.1383224648816395,-1.4296227854229073,2.567945250304547,FILLED
9209466214,9216913026,binance->coinbase,0.25,binance,coinbase,29530.07942428237,29517.256409915284,1.135078043372232,-7.633983203976641,8.769061247348873,FILLED
9250342098,9255704876,coinbase->binance,0.25,coinbase,binance,29516.556157809646,29512.085618113106,0.8447345201384451,-5.544894820822265,6.38962934096071,FILLED
9280945162,9287005250,binance->coinbase,0.25,binance,coinbase,29453.91089302533,29450.36617263794,1.6184518376167034,-5.303912258763376,6.922364096380079,FILLED
9324731824,9333268909,binance->coinbase,0.25,binance,coinbase,29370.274771039392,29357.61743130923,2.0980086164727254,-7.568610414223258,9.666619030695983,FILLED
9365972762,9371443893,binance->coinbase,0.25,binance,coinbase,29309.140888908612,29305.078321337955,1.5495213888843864,-5.411606769243917,6.961128158128304,FILLED
9480665386,9486538829,binance->coinbase,0.25,binance,coinbase,29289.32913384474,29282.542646259528,1.605846106064746,-6.089342617621696,7.695188723686442,FILLED
9500930725,9506720790,binance->coinbase,0.25,binance,coinbase,29258.05545793923,29253.452981815713,1.0532194344468735,-5.538867101957294,6.592086536404167,FILLED
9516296078,9522182851,binance->coinbase,0.25,binance,coinbase,29242.178405372175,29239.664677504716,2.038480996036924,-5.01450735488379,7.052988350920714,FILLED
9517325421,9523416100,binance->coinbase,0.25,binance,coinbase,29238.27568776422,29239.664677504716,1.3662871265323702,-4.038632817015241,5.404919943547611,FILLED
9551946188,9557643384,coinbase->binance,0.25,coinbase,binance,29246.873067274275,29244.81004158505,2.873478996400081,-4.902684231113199,7.77616322751328,FILLED
9553138332,9558521980,coinbase->binance,0.25,coinbase,binance,29241.741898590517,29236.368371476747,2.893935208201583,-5.729374386874952,8.623309595076535,FILLED
9567382407,9573234658,coinbase->binance,0.25,coinbase,binance,29187.305972746257,29188.16491065128,1.2691409065973858,-4.163404366550822,5.432545273148207,FILLED
9603723806,9609960455,binance->coinbase,0.25,binance,coinbase,29234.321548853855,29241.296996341334,1.544100216935476,-2.641983905206871,4.186084122142347,FILLED
9607707978,9614325956,binance->coinbase,0.25,binance,coinbase,29246.101257939772,29243.120898592177,0.8626431136326573,-5.131706989654958,5.994350103287616,FILLED
9627408885,9633171861,coinbase->binance,0.25,coinbase,binance,29307.65276660287,29306.92125270035,1.1697289278845346,-4.57898981492508,5.748718742809615,FILLED
9675186268,9681901662,binance->coinbase,0.25,binance,coinbase,29346.87751375697,29346.372349515364,1.7087736494313503,-4.528272171040953,6.237045820472304,FILLED
9759225755,9765141756,binance->coinbase,0.25,binance,coinbase,29401.40379241798,29384.614057713632,2.290349532885557,-8.605965271479363,10.89631480436492,FILLED
9812445535,9817977487,coinbase->binance,0.25,coinbase,binance,29298.759690463896,29299.19994142888,1.8925542005254101,-4.284773224871969,6.17732742539738,FILLED
9880655185,9886802044,binance->coinbase,0.25,binance,coinbase,29201.22351000082,29199.079147330714,1.5771504766025828,-4.916059757759285,6.493210234361868,FILLED
9919819420,9926116970,coinbase->binance,0.25,coinbase,binance,29222.680020567936,29218.921717791472,1.8622195114894566,-5.322789782061591,7.1850092935510474,FILLED
9957490653,9964024009,binance->coinbase,0.25,binance,coinbase,29211.0771732217,29212.66252636168,2.324110843767812,-3.9854818263020206,6.309592670069833,FILLED
9958884381,9964469471,coinbase->binance,0.25,coinbase,binance,29224.920470248682,29217.8041703316,1.1462521910370924,-6.162457234811882,7.308709425848974,FILLED
10008806181,10014686348,coinbase->binance,0.25,coinbase,binance,29244.21276807008,29247.176292888595,1.6839951090432805,-3.645898886822579,5.329893995865859,FILLED
10062865007,10068528647,coinbase->binance,0.25,coinbase,binance,29187.431222581163,29182.004799703176,0.9869163755402042,-5.734449081739513,6.721365457279717,FILLED
10077800612,10083008214,binance->coinbase,0.25,binance,coinbase,29197.492608018118,29177.748658210643,0.9738250867130773,-9.313636948090789,10.287462034803866,FILLED
10079011151,10084926944,binance->coinbase,0.25,binance,coinbase,29191.86690555987,29187.815114406432,0.9178874916160566,-5.391322645078617,6.309210136694674,FILLED
10089531109,10095127934,coinbase->binance,0.25,coinbase,binance,29156.03690913105,29153.55510917773,2.004492334954193,-4.993731434701658,6.998223769655851,FILLED
10125340074,10132372353,binance->coinbase,0.25,binance,coinbase,29143.76557229244,29138.35206273842,1.3182980176970887,-5.724400873393279,7.042698891090367,FILLED
10278205284,10284031915,binance->coinbase,0.25,binance,coinbase,29114.971917448413,29111.383898770295,0.8905978627108198,-5.263891655278712,6.154489517989532,FILLED
10352223132,10358993569,coinbase->binance,0.25,coinbase,binance,29087.59267280818,29074.463728693878,2.2656335841711552,-7.644718482290955,9.91035206646211,FILLED
10355972140,10362745093,coinbase->binance,0.25,coinbase,binance,29083.62779714127,29093.789430116456,1.9954610960267019,-1.82264400742406,3.818105103450762,FILLED
10383670142,10389450264,coinbase->binance,0.25,coinbase,binance,29074.840659490586,29071.60996653919,1.1730223817967271,-5.168737802125179,6.341760183921906,FILLED
10465486318,10470882270,binance->coinbase,0.25,binance,coinbase,29075.678946242555,29072.65107844788,0.884182961449369,-5.118016003825687,6.002198965275056,FILLED
10508023543,10514097811,binance->coinbase,0.25,binance,coinbase,29132.160897218448,29132.145285195187,1.1413086223783466,-4.373725579195707,5.515034201574053,FILLED
10514856805,10521259953,binance->coinbase,0.25,binance,coinbase,29106.268922368086,29104.836815823004,2.2553626586268365,-4.723823763971268,6.979186422598104,FILLED
10650980582,10656362802,coinbase->binance,0.25,coinbase,binance,29141.311159935907,29151.82151152697,2.437512261766642,-1.7441342938045636,4.181646555571206,FILLED
10664805352,10671622630,coinbase->binance,0.25,coinbase,binance,29161.264361316764,29156.154857682734,0.8811514927983808,-5.651310087523598,6.5324615803219785,FILLED
10729547248,10735138742,binance->coinbase,0.25,binance,coinbase,29154.358901815143,29147.905069147433,2.76056751602664,-5.985966618933162,8.746534134959802,FILLED
10729580952,10735138742,binance->coinbase,0.25,binance,coinbase,29154.358901815143,29147.905069147433,2.3873387398916748,-5.985966618933162,8.373305358824837,FILLED
10730299578,10737805735,binance->coinbase,0.25,binance,coinbase,29140.16616685031,29144.865207291725,0.7528304277575444,-3.1967347187182895,3.949565146475834,FILLED
10815270202,10821647884,coinbase->binance,0.25,coinbase,binance,29094.382659191808,29093.30954182395,3.1490088609043596,-4.6323830849751175,7.781391945879477,FILLED
10850472655,10857930559,binance->coinbase,0.25,binance,coinbase,29073.122007594815,29076.112063007426,3.168664989854733,-3.6137534535273517,6.782418443382085,FILLED
10850854343,10857930559,binance->coinbase,0.25,binance,coinbase,29073.122007594815,29076.112063007426,0.9710714549291879,-3.6137534535273517,4.58482490845654,FILLED
10963867072,10969246186,coinbase->binance,0.25,coinbase,binance,29072.353295619403,29074.664220250772,1.8701501300947712,-3.7832373827322954,5.6533875128270665,FILLED
10997422248,11003133829,binance->coinbase,0.25,binance,coinbase,29149.80228372098,29133.65731828438,1.1829272035174654,-8.407097205164973,9.590024408682439,FILLED
10997667634,11003998176,binance->coinbase,0.25,binance,coinbase,29149.80228372098,29138.362253457828,1.109557546796168,-7.231333905319843,8.340891452116011,FILLED
10998195923,11003998176,binance->coinbase,0.25,binance,coinbase,29149.80228372098,29138.362253457828,2.398900588592369,-7.231333905319843,9.630234493912212,FILLED
11033744359,11041246289,binance->coinbase,0.25,binance,coinbase,29225.373455823086,29221.18334136278,0.9897095675178207,-5.43091562200425,6.42062518952207,FILLED
11062928050,11068947838,binance->coinbase,0.25,binance,coinbase,29251.667921335567,29248.779754543553,0.7398330814548899,-5.10950306952509,5.84933615097998,FILLED
11076339000,11082485394,coinbase->binance,0.25,coinbase,binance,29295.680997721123,29298.875002332836,0.9404860920612919,-3.5960106969605476,4.5364967890218395,FILLED
11099156789,11105056852,binance->coinbase,0.25,binance,coinbase,29317.92471491739,29322.41070013842,0.9136525305129908,-3.2766410005024227,4.1902935310154135,FILLED
11191637490,11197858267,coinbase->binance,0.25,coinbase,binance,29227.999068452733,29222.579742866754,2.2270105586949285,-5.738760290483697,7.965770849178625,FILLED
11267824768,11273665366,binance->coinbase,0.25,binance,coinbase,29126.354258104697,29119.406013567776,2.2611851801329976,-6.105319448492082,8.36650462862508,FILLED
11304443644,11311397816,coinbase->binance,0.24999999999999997,coinbase,binance,29128.648583872142,29126.96194091999,1.5748624572970584,-4.79087369347144,6.365736150768498,FILLED
11317596787,11323654396,binance->coinbase,0.25,binance,coinbase,29085.480947986376,29089.178914367087,3.153189240937536,-3.438700343657729,6.591889584595265,FILLED
11591191177,11597648517,coinbase->binance,0.25,coinbase,binance,29106.582694296732,29097.843557502692,2.2383638416413305,-6.550334645814473,8.788698487455804,FILLED
11628195907,11634235278,binance->coinbase,0.25,binance,coinbase,29030.59259062658,29026.65925697729,2.039486592704634,-5.337528967551407,7.377015560256041,FILLED
11643787513,11649383128,coinbase->binance,0.25,coinbase,binance,29024.059735994724,28994.423254935373,1.7694234685786796,-11.761247401183937,13.530670869762616,FILLED
11648738306,11654641059,binance->coinbase,0.25,binance,coinbase,28995.544225713296,28985.828626615956,1.7843760480327546,-6.777259848282483,8.561635896315238,FILLED
11738099166,11744116265,coinbase->binance,0.25,coinbase,binance,29039.380366496363,29034.022735406917,2.690687855534634,-5.695046945781542,8.385734801316175,FILLED
11883270853,11888383267,binance->coinbase,0.25,binance,coinbase,28988.880573328548,28981.84344074177,2.00173414656183,-6.106911519435016,8.108645665996846,FILLED
11912662626,11918374112,coinbase->binance,0.25,coinbase,binance,28985.86913327154,28976.922565693436,1.8409358701510428,-6.5840749361377675,8.42501080628881,FILLED
11937389039,11943233800,coinbase->binance,0.25,coinbase,binance,28991.759731652226,28971.327357925322,0.7275673005351564,-9.455835772787395,10.183403073322552,FILLED
11979883505,11986297990,binance->coinbase,0.25,binance,coinbase,29007.51037218177,29006.698146727886,1.5419537366733493,-4.554101696752696,6.096055433426045,FILLED
12052573400,12058201165,coinbase->binance,0.25,coinbase,binance,28955.54122458869,28944.930331400607,4.60413634892393,-6.995523936049722,11.599660284973652,FILLED
12052737926,12058201165,coinbase->binance,0.25,coinbase,binance,28955.54122458869,28944.930331400607,4.474189226246381,-6.995523936049722,11.469713162296102,FILLED
12055262877,12061525373,coinbase->binance,0.25,coinbase,binance,28946.444508038763,28949.90430132383,2.450859691772166,-3.477191344602943,5.928051036375109,FILLED
12155094457,12161153284,binance->coinbase,0.25,binance,coinbase,28875.169920258468,28879.99960934568,0.9009186027215037,-3.1243361851447844,4.025254787866288,FILLED
12288511076,12295164195,binance->coinbase,0.25,binance,coinbase,28784.70695148508,28781.184307566524,1.8977811862278031,-5.198014757969759,7.095795944197562,FILLED
12394552564,12401033806,coinbase->binance,0.25,coinbase,binance,28755.397551009384,28750.801368474786,2.6886346424807925,-5.462125457174807,8.1507600996556,FILLED
12395096738,12401033806,coinbase->binance,0.25,coinbase,binance,28755.397551009384,28750.801368474786,2.299606883017077,-5.462125457174807,7.761732340191884,FILLED
12584080935,12590045474,binance->coinbase,0.25,binance,coinbase,28788.778827589427,28791.638596212135,4.374190724492109,-3.6036606453235436,7.977851369815653,FILLED
12585370793,12591304334,binance->coinbase,0.25,binance,coinbase,28804.4380488185,28802.261690909974,1.4922150006595984,-4.8645375486630655,6.356752549322664,FILLED
12599760489,12605936181,binance->coinbase,0.25,binance,coinbase,28816.740791243355,28816.47046275805,3.537314796672945,-4.390066207164637,7.927381003837581,FILLED
12665021065,12671117217,coinbase->binance,0.25,coinbase,binance,28819.79935102965,28815.603761126804,1.0647284737724476,-5.371657598871025,6.436386072643472,FILLED
12721413691,12728100852,coinbase->binance,0.25,coinbase,binance,28861.95787193612,28829.757520055533,1.0120616065896684,-12.37777163334249,13.389833239932159,FILLED
12726979120,12734406210,binance->coinbase,0.25,binance,coinbase,28833.335615537027,28815.8136062281,1.8553081199834196,-8.70375046863137,10.55905858861479,FILLED
12727090909,12734406210,binance->coinbase,0.25,binance,coinbase,28833.335615537027,28815.8136062281,2.1565110497167552,-8.70375046863137,10.860261518348125,FILLED
12728100852,12734406210,binance->coinbase,0.25,binance,coinbase,28833.335615537027,28815.8136062281,1.9216085502330316,-8.70375046863137,10.625359018864401,FILLED
12751590041,12757202135,coinbase->binance,0.25,coinbase,binance,28810.53373363939,28795.778337028158,1.0850775792041532,-8.009691443023257,9.09476902222741,FILLED
12773716856,12779215214,coinbase->binance,0.25,coinbase,binance,28847.935835914763,28837.51404280401,1.1200592214381686,-6.932117563419524,8.052176784857693,FILLED
12863182192,12869063757,binance->coinbase,0.25,binance,coinbase,28818.29344866687,28824.22963933309,2.3102207267056656,-2.8392899698119436,5.149510696517609,FILLED
12872506425,12879097030,binance->coinbase,0.25,binance,coinbase,28846.562958162653,28842.309050326592,1.0911504317300569,-5.390036011955999,6.481186443686056,FILLED
13040061403,13046198589,coinbase->binance,0.25,coinbase,binance,28693.04736703416,28695.98371760616,0.8609885821497301,-3.570016279583797,4.431004861733527,FILLED
13201860982,13208007452,binance->coinbase,0.25,binance,coinbase,28708.25001065485,28694.795268238693,1.1427617841236497,-7.668577631396147,8.811339415519797,FILLED
13356491479,13362887309,coinbase->binance,0.25,coinbase,binance,28620.188772997884,28629.00773897079,1.6830757413254105,-2.088727771021695,3.7718035123471054,FILLED
13445360315,13451008193,binance->coinbase,0.25,binance,coinbase,28654.245337085784,28637.958389334486,1.2316441608982132,-8.36824504361266,9.599889204510873,FILLED
13514240880,13520158703,coinbase->binance,0.25,coinbase,binance,28636.977702333006,28634.472826727048,1.895762918514265,-4.92164031305947,6.817403231573735,FILLED
13573519815,13579675516,binance->coinbase,0.25,binance,coinbase,28683.481880791373,28678.527172421367,0.9494906640929912,-5.540703903783651,6.490194567876642,FILLED
13600867742,13606596600,coinbase->binance,0.25,coinbase,binance,28688.871283137367,28691.10923404391,1.1657745751399489,-3.743954863380168,4.909729438520117,FILLED
13612453756,13618114135,coinbase->binance,0.25,coinbase,binance,28671.3769142477,28666.75744632085,1.633191054150302,-5.455342545452368,7.08853359960267,FILLED
13675536449,13681079451,coinbase->binance,0.25,coinbase,binance,28688.487065934925,28690.4657980909,1.5675331931988694,-3.8086889575051828,5.376222150704052,FILLED
13700976175,13707150936,coinbase->binance,0.25,coinbase,binance,28670.203204876518,28666.87214731823,2.8046380987461816,-5.133128317424962,7.937766416171144,FILLED
13731879536,13737433577,coinbase->binance,0.25,coinbase,binance,28675.97025120226,28674.737988643552,1.621825990528123,-4.609399564229534,6.231225554757657,FILLED
13732557144,13738827037,coinbase->binance,0.25,coinbase,binance,28671.706187690455,28674.737988643552,1.8179983639493003,-3.542957279926668,5.360955643875968,FILLED
13764599471,13771506429,binance->coinbase,0.25,binance,coinbase,28774.405107959243,28780.406377488234,1.033344771267366,-2.816443510899262,3.849788282166628,FILLED
13799535794,13804928781,binance->coinbase,0.25,binance,coinbase,28831.645452862747,28827.009618258187,5.761228918428969,-5.483241885609459,11.244470804038428,FILLED
13799635831,13805349194,binance->coinbase,0.25,binance,coinbase,28834.35027555959,28830.637552903965,0.9468973751645535,-5.252961932974358,6.199859308138912,FILLED
13800068068,13805349194,binance->coinbase,0.25,binance,coinbase,28834.35027555959,28830.637552903965,1.0369989206947139,-5.252961932974358,6.289960853669072,FILLED
13844177657,13851330365,binance->coinbase,0.25,binance,coinbase,28828.12722523553,28832.17269264845,0.8804331833753167,-3.313256777296374,4.193689960671691,FILLED
13968367020,13974506863,coinbase->binance,0.25,coinbase,binance,28932.24228822636,28943.54614972426,1.999042481635115,-1.5144361618340554,3.5134786434691705,FILLED
13968696995,13974506863,coinbase->binance,0.25,coinbase,binance,28932.24228822636,28943.54614972426,0.9111535094534702,-1.5144361618340554,2.4255896712875256,FILLED
14003247221,14009390109,coinbase->binance,0.25,coinbase,binance,28959.03653367039,28955.445341294897,0.8217146254746694,-5.241474014304913,6.0631886397795824,FILLED
14080058100,14086718049,binance->coinbase,0.25,binance,coinbase,28892.002949754467,28887.99852669025,1.5788587912293224,-5.334505766210896,6.913364557440218,FILLED
14148788948,14157389855,coinbase->binance,0.25,coinbase,binance,28764.664315637936,28775.63417605074,3.281696441022177,-1.5727830371661184,4.854479478188296,FILLED
14150205894,14157389855,coinbase->binance,0.25,coinbase,binance,28764.664315637936,28775.63417605074,1.2655856381898047,-1.5727830371661184,2.838368675355923,FILLED
14153608448,14160084015,coinbase->binance,0.25,coinbase,binance,28782.577215684934,28775.63417605074,5.119992469279168,-6.052799338920522,11.17279180819969,FILLED
14277002462,14283513618,coinbase->binance,0.25,coinbase,binance,28772.797934273993,28767.885622759168,1.4099355776834273,-5.543751953271567,6.953687530954994,FILLED
14304416650,14310456890,binance->coinbase,0.25,binance,coinbase,28752.784604420078,28747.595648773684,2.1382294268505575,-5.609637706696958,7.7478671335475156,FILLED
14320519988,14326077418,coinbase->binance,0.25,coinbase,binance,28786.153587796973,28778.385360872406,0.7256316863868051,-6.2595913579652915,6.985223044352097,FILLED
14359401017,14365922905,coinbase->binance,0.25,coinbase,binance,28841.343129927027,28832.928613125547,1.7554522602713405,-6.429409944018516,8.184862204289857,FILLED
14448708131,14455016271,binance->coinbase,0.25,binance,coinbase,28778.321762360774,28774.6475060596,1.2925336146472546,-5.234944914018342,6.527478528665597,FILLED
14586921440,14592936516,coinbase->binance,0.25,coinbase,binance,28946.607769660193,28943.73633714854,0.7468108112434493,-5.059705721736464,5.806516532979913,FILLED
14733673172,14739223228,binance->coinbase,0.25,binance,coinbase,29062.76227415169,29064.319553480986,5.155956888766013,-3.970250236731772,9.126207125497785,FILLED
14782608537,14788673926,coinbase->binance,0.25,coinbase,binance,29035.003014351183,29039.564312133884,2.3479509421031253,-3.215154071366669,5.563105013469794,FILLED
14939683999,14945812675,binance->coinbase,0.25,binance,coinbase,29017.42865753234,29023.98351972302,3.7806090042358846,-2.714554237178163,6.495163241414048,FILLED
14941895838,14948225892,binance->coinbase,0.25,binance,coinbase,28990.66842841488,28990.760661627784,2.3968740005147993,-4.325551184357209,6.722425184872009,FILLED
15018241333,15023998448,coinbase->binance,0.25,coinbase,binance,28962.57274990404,28962.70486090881,0.7588609717995496,-4.311364766844235,5.070225738643785,FILLED
15037808486,15045506062,binance->coinbase,0.25,binance,coinbase,28940.116224881873,28936.72638963797,1.470128348450089,-5.1881372611833285,6.658265609633418,FILLED
15038315182,15045506062,binance->coinbase,0.25,binance,coinbase,28940.116224881873,28936.72638963797,3.132155764734307,-5.1881372611833285,8.320293025917636,FILLED
15135532694,15141857957,coinbase->binance,0.25,coinbase,binance,28985.40740703542,28982.51530786172,0.8611638414713525,-5.070691299521968,5.931855140993321,FILLED
15319985772,15325294665,coinbase->binance,0.25,coinbase,binance,28954.29171077238,28954.666365805107,1.6427129545154457,-4.249498731185668,5.892211685701113,FILLED
15338687837,15345115331,coinbase->binance,0.25,coinbase,binance,28948.589531478523,28937.43383526423,3.5568383974650715,-7.130654698485159,10.68749309595023,FILLED
15358051265,15365623386,coinbase->binance,0.25,coinbase,binance,28936.39736563482,28933.279869413072,1.2795613969356054,-5.11967778547114,6.399239182406745,FILLED
15358954594,15365623386,coinbase->binance,0.25,coinbase,binance,28936.39736563482,28933.279869413072,0.8264558881737685,-5.11967778547114,5.946133673644908,FILLED
15393768986,15399552010,binance->coinbase,0.25,binance,coinbase,29022.776698475667,29023.15227404662,1.4261269611270109,-4.259560169590259,5.68568713071727,FILLED
15442882770,15448551545,coinbase->binance,0.25,coinbase,binance,28980.22965430746,28971.600750830246,1.2577457326715376,-6.503828872275335,7.761574604946873,FILLED
15477312453,15483687009,coinbase->binance,0.25,coinbase,binance,28952.536259439417,28945.33197701039,2.302595805306737,-6.143590832050904,8.446186637357641,FILLED
15505953678,15512206058,binance->coinbase,0.25,binance,coinbase,29023.935475541537,29018.78041784611,1.6274979476365843,-5.641839239418914,7.269337187055498,FILLED
15559622447,15565249920,coinbase->binance,0.25,coinbase,binance,28927.913461906395,28933.061237702543,1.4209748836374274,-3.0525004590381286,4.473475342675556,FILLED
15776790732,15782651248,binance->coinbase,0.25,binance,coinbase,28963.457938495492,28968.331665671052,1.7858065528425868,-3.1265742696023153,4.912380822444902,FILLED
15844667959,15850773431,coinbase->binance,0.25,coinbase,binance,28915.881994829542,28915.506733971877,3.5748552059731082,-4.43117875059761,8.006033956570718,FILLED
15845484968,15851454814,coinbase->binance,0.25,coinbase,binance,28919.858580964712,28905.997028415008,2.0397305018723273,-7.802673846943435,9.842404348815762,FILLED
16032023692,16037512475,binance->coinbase,0.25,binance,coinbase,28949.07249956826,28937.436172763708,1.5732368553308334,-7.250278943392914,8.823515798723747,FILLED
16146923033,16152965732,coinbase->binance,0.25,coinbase,binance,28902.404829528292,28895.562440148984,2.4235912062586067,-6.0456159497880435,8.46920715604665,FILLED
16256515101,16261823943,binance->coinbase,0.25,binance,coinbase,28970.763455576387,28973.446169881074,3.3548562331225185,-3.675204213595862,7.03006044671838,FILLED
16554392975,16560430336,binance->coinbase,0.25,binance,coinbase,29067.186111629486,29064.31635095996,1.0215818761480477,-5.077231108058186,6.0988129842062335,FILLED
16673673485,16679390123,binance->coinbase,0.25,binance,coinbase,28949.65751472265,28961.20339769689,1.1972542482944846,-1.4571324719463519,2.6543867202408364,FILLED
16688461917,16694887004,coinbase->binance,0.25,coinbase,binance,28993.328023104033,28997.20126447856,1.1343488163374786,-3.380882521903004,4.515231338240483,FILLED
16733878548,16739120877,coinbase->binance,0.25,coinbase,binance,29010.342471758435,29042.198845577568,2.0054915964710744,3.6109492653285997,-1.6054576688575253,FILLED
16739120877,16744847985,coinbase->binance,0.25,coinbase,binance,29056.95760212314,29062.357909027854,3.6109492653285997,-3.008736929485167,6.619686194813767,FILLED
16746661000,16752433467,coinbase->binance,0.25,coinbase,binance,29063.195383291786,29064.340714711878,1.448123887541442,-4.073203719041885,5.521327606583327,FILLED
16760236508,16765925127,binance->coinbase,0.25,binance,coinbase,29098.648478050036,29088.973241457217,0.888410930727332,-6.782638896253047,7.671049826980379,FILLED
16831435860,16836862610,coinbase->binance,0.25,coinbase,binance,29102.725348055526,29089.787667230154,2.4647142247413285,-7.599182124510662,10.06389634925199,FILLED
16940686873,16946715279,binance->coinbase,0.25,binance,coinbase,29262.924742260333,29258.187874108407,0.7372386605011343,-5.573182062505111,6.310420723006246,FILLED
17022694535,17028779108,coinbase->binance,0.25,coinbase,binance,29400.937081026783,29381.76383977783,1.3446180937535246,-9.202492212330071,10.547110306083596,FILLED
17148100049,17154416731,binance->coinbase,0.25,binance,coinbase,29489.89662318667,29490.943618254216,0.9714711320211791,-4.161840426098024,5.133311558119203,FILLED
17156093445,17161649371,binance->coinbase,0.25,binance,coinbase,29488.13826241047,29485.993026479493,0.8819495692587225,-4.959315198512741,5.841264767771463,FILLED
17196840435,17203014727,coinbase->binance,0.25,coinbase,binance,29456.94609920385,29444.282283272805,1.1377669506837265,-7.583862706846048,8.721629657529775,FILLED
17228974873,17234451961,binance->coinbase,0.25,binance,coinbase,29492.864379642215,29473.351704047156,1.8444671495499279,-9.300147288151493,11.14461443770142,FILLED
17288981831,17295618662,coinbase->binance,0.25,coinbase,binance,29538.913902850112,29533.750287069448,0.9317025623004156,-5.721482849804488,6.653185412104904,FILLED
17290425306,17296710525,coinbase->binance,0.25,coinbase,binance,29538.913902850112,29525.63484071297,1.634409609807335,-7.749938666606795,9.38434827641413,FILLED
17293362695,17298799584,binance->coinbase,0.25,binance,coinbase,29533.001090187885,29525.182038972875,1.2111467442809953,-6.383931062158808,7.595077806439804,FILLED
17301814296,17307624451,binance->coinbase,0.25,binance,coinbase,29554.11714032594,29552.775772750585,0.8494952882065263,-4.768325328130231,5.617820616336758,FILLED
17667878007,17673070584,coinbase->binance,0.25,coinbase,binance,29784.66898197586,29769.67581341489,0.892605265167731,-8.215242829111048,9.10784809427878,FILLED
17951016265,17956670933,coinbase->binance,0.25,coinbase,binance,29799.709014143646,29796.79749810423,2.468612414432755,-5.197689786173214,7.666302200605969,FILLED
17951479547,17957551361,coinbase->binance,0.25,coinbase,binance,29799.709014143646,29811.889777243254,5.171325566594533,-1.4253746153744942,6.596700181969027,FILLED
17951721639,17957551361,coinbase->binance,0.25,coinbase,binance,29799.709014143646,29811.889777243254,1.8669783682698835,-1.4253746153744942,3.2923529836443777,FILLED
18077350877,18084122523,coinbase->binance,0.25,coinbase,binance,29872.600052543632,29856.612849083805,4.780755987650082,-8.476891512665134,13.257647500315215,FILLED
18139966241,18146157950,binance->coinbase,0.25,binance,coinbase,30007.484508032685,30006.286800229325,1.4378581904829844,-4.8004298562646,6.238288046747584,FILLED
18173502331,18178803544,coinbase->binance,0.25,coinbase,binance,29945.80400811036,29943.364919639225,1.6202703504177407,-5.10152076457689,6.72179111499463,FILLED
18397234586,18402802226,binance->coinbase,0.25,binance,coinbase,29789.736183862904,29792.13255097382,0.7538320289722833,-3.8696082865617427,4.623440315534026,FILLED
18401053806,18406515183,coinbase->binance,0.25,coinbase,binance,29800.75755666081,29804.942049035242,1.6294110996577729,-3.424199764509467,5.05361086416724,FILLED
18478752599,18484450346,binance->coinbase,0.25,binance,coinbase,29757.72341441802,29755.024860702815,3.1086557914313744,-5.138027085592512,8.246682877023886,FILLED
18525330683,18530542488,binance->coinbase,0.25,binance,coinbase,29722.978978933705,29719.914510472718,1.080943287588525,-5.224257515240424,6.305200802828949,FILLED
18652372966,18657525376,coinbase->binance,0.25,coinbase,binance,29705.53077440094,29697.680706976374,0.8614393995894716,-6.417953968930306,7.279393368519777,FILLED
18735237076,18742191039,binance->coinbase,0.25,binance,coinbase,29838.170063659865,29836.44979846783,2.0156117770484343,-4.905619781038695,6.921231558087129,FILLED
18902160070,18908914372,binance->coinbase,0.25,binance,coinbase,29954.610711398906,29951.860347202655,2.357834500849094,-5.180507619352284,7.538342120201378,FILLED
18965020132,18970530186,binance->coinbase,0.25,binance,coinbase,30025.579192756297,30006.86418216673,1.6366268060764924,-9.180718025246279,10.817344831322771,FILLED
18995574515,19001445322,coinbase->binance,0.25,coinbase,binance,29971.831394713783,29971.192704998266,1.8927343070508869,-4.655415203600569,6.548149510651456,FILLED
19011657774,19017799159,binance->coinbase,0.25,binance,coinbase,30018.628871906967,30028.018524473388,6.129566224593873,-2.156320154437708,8.28588637903158,FILLED
19011758551,19017799159,binance->coinbase,0.25,binance,coinbase,30018.628871906967,30028.018524473388,3.491936602767055,-2.156320154437708,5.648256757204763,FILLED
19061814310,19068614868,coinbase->binance,0.25,coinbase,binance,30015.994532648052,30007.783835441474,3.9095308079586175,-6.554662946681674,10.464193754640291,FILLED
19062319373,19068614868,coinbase->binance,0.25,coinbase,binance,30015.994532648052,30007.783835441474,2.636341161713972,-6.554662946681674,9.191004108395646,FILLED
19062598510,19068614868,coinbase->binance,0.25,coinbase,binance,30015.994532648052,30007.783835441474,1.61327702766539,-6.554662946681674,8.167939974347064,FILLED
19096771069,19102133477,binance->coinbase,0.25,binance,coinbase,29987.072986864106,29967.841848561115,1.3837364296423402,-9.303922409947518,10.687658839589858,FILLED
19102549536,19108668089,coinbase->binance,0.25,coinbase,binance,30003.334075811883,30012.820885927078,1.4287619134920533,-2.1292719230787043,3.5580338365707576,FILLED
19162980841,19168944178,coinbase->binance,0.25,coinbase,binance,30063.02719518544,30078.199655050597,1.0284254115840668,-0.7170977359819517,1.7455231475660185,FILLED
19174474909,19181117622,binance->coinbase,0.25,binance,coinbase,30001.825687480126,29997.359368081627,2.8080920880120175,-5.616407070807327,8.424499158819344,FILLED
19335261133,19341769878,binance->coinbase,0.25,binance,coinbase,30137.22992948423,30131.441248636103,1.2911057076125871,-5.967175833368856,7.258281540981443,FILLED
19336976966,19342951832,binance->coinbase,0.25,binance,coinbase,30112.340960378973,30124.367266956255,1.4951569780541831,-1.511477130394269,3.006634108448452,FILLED
19378634008,19384530547,binance->coinbase,0.25,binance,coinbase,30193.729621364037,30190.041180267042,2.5346151514168014,-5.450800873343724,7.985416024760525,FILLED
19391949358,19398305435,binance->coinbase,0.25,binance,coinbase,30191.281224300965,30177.803341691717,1.0065445075915704,-7.896815047696691,8.903359555288262,FILLED
19432249866,19438302443,coinbase->binance,0.25,coinbase,binance,30197.044530422663,30191.50659729088,3.6020436976305064,-5.913763065852436,9.515806763482942,FILLED
19479142120,19485561971,binance->coinbase,0.25,binance,coinbase,30165.595726836607,30167.088623835847,1.8800762791715897,-4.151764398915475,6.031840678087065,FILLED
19489243234,19496611505,binance->coinbase,0.25,binance,coinbase,30203.34835368973,30185.070277085582,3.8893748812224658,-9.098193596430065,12.98756847765253,FILLED
19540352960,19546712828,coinbase->binance,0.25,coinbase,binance,30175.192334439205,30179.799405058802,2.856797834409008,-3.3747415487969192,6.231539383205927,FILLED
19557078618,19563006186,binance->coinbase,0.25,binance,coinbase,30130.754943956556,30128.373287877064,1.1415799810820317,-5.114789095858214,6.256369076940246,FILLED
19597597959,19604659009,binance->coinbase,0.25,binance,coinbase,30151.648548302914,30149.74483558786,1.7846099804391997,-4.998485089738097,6.783095070177296,FILLED
19644773793,19650613626,coinbase->binance,0.25,coinbase,binance,30257.46973405091,30249.226222883804,0.9356084232649664,-6.599086076324966,7.534694499589932,FILLED
19645373667,19651933720,coinbase->binance,0.25,coinbase,binance,30257.46973405091,30250.786787786943,0.9788051031728173,-6.209022878785618,7.187827981958435,FILLED
19672565590,19678721401,coinbase->binance,0.25,coinbase,binance,30350.08207139145,30333.524877794174,2.1376565625087096,-8.69098285034761,10.828639412856319,FILLED
19908629050,19914815341,coinbase->binance,0.25,coinbase,binance,30608.368382946705,30600.336023962605,2.591705876272499,-6.598943385517487,9.190649261789986,FILLED
19908944929,19914815341,coinbase->binance,0.25,coinbase,binance,30608.368382946705,30600.336023962605,1.853907423003875,-6.598943385517487,8.452850808521362,FILLED
19939869216,19945746116,binance->coinbase,0.25,binance,coinbase,30676.649139143075,30673.463075252985,4.066721550238071,-5.397694737005622,9.464416287243694,FILLED
19961373209,19967373490,coinbase->binance,0.25,coinbase,binance,30709.020453009267,30703.843918997227,3.4731575781052015,-5.900227744260519,9.37338532236572,FILLED
19978175412,19985583367,binance->coinbase,0.25,binance,coinbase,30717.095327052706,30718.232760688188,1.7959448001165583,-4.323319633551364,6.119264433667922,FILLED
20014912562,20022857007,binance->coinbase,0.25,binance,coinbase,30773.130146103216,30759.059714200972,1.0091749090779558,-8.132170454286097,9.141345363364053,FILLED
20023714266,20029776389,coinbase->binance,0.25,coinbase,binance,30797.231840072516,30803.25897164883,1.5436073128512362,-3.11310323851103,4.656710551362266,FILLED
20042943461,20049405689,coinbase->binance,0.25,coinbase,binance,30861.580165472064,30849.588201233008,0.8435846440088426,-7.626628486373193,8.470213130382035,FILLED
20066741392,20072363354,binance->coinbase,0.25,binance,coinbase,30865.953606703548,30866.422426986766,1.7147400159474273,-4.512734852229187,6.227474868176614,FILLED
20105792775,20111707828,binance->coinbase,0.25,binance,coinbase,30911.139390134347,30910.47992316179,0.915500684143808,-4.801471704961841,5.716972389105649,FILLED
20129182830,20135431931,binance->coinbase,0.25,binance,coinbase,30922.1664517705,30915.62297993649,4.947908074154839,-6.273538579084743,11.221446653239582,FILLED
20258752567,20265504396,coinbase->binance,0.25,coinbase,binance,30976.479075275667,30962.669511362616,1.757896346893176,-8.098172361358593,9.856068708251769,FILLED
20307470917,20313616760,binance->coinbase,0.25,binance,coinbase,30905.155809064643,30915.241979265433,0.9726429344609642,-2.1152394381824706,3.087882372643435,FILLED
20330630804,20336282470,binance->coinbase,0.25,binance,coinbase,30917.348789124284,30912.025748029755,1.0416029742473256,-5.967830287891047,7.009433262138373,FILLED
20390569314,20396453696,binance->coinbase,0.25,binance,coinbase,30976.903495249684,30966.505779292846,2.1276084791979883,-7.244924741901741,9.37253322109973,FILLED
20411416687,20417877248,coinbase->binance,0.25,coinbase,binance,30929.953698894595,30925.494605727745,1.6800590202601597,-5.754043391888445,7.434102412148604,FILLED
20426790106,20432623668,binance->coinbase,0.25,binance,coinbase,30915.04090570097,30903.43634225057,1.1174522375613378,-7.537236542109895,8.654688779671233,FILLED
20437644886,20443210310,coinbase->binance,0.25,coinbase,binance,30941.491758730135,30936.062222482,1.7952677137909632,-5.9983363490309785,7.793604062821942,FILLED
20516172424,20522067045,coinbase->binance,0.25,coinbase,binance,30971.706137849535,30990.00252282279,0.9653695816323307,-0.07257449661301507,1.0379440782453457,FILLED
20517093127,20522395070,coinbase->binance,0.25,coinbase,binance,30983.11532927659,30990.00252282279,2.173259610492096,-2.926013272518503,5.099272883010599,FILLED
20689253015,20696098885,binance->coinbase,0.25,binance,coinbase,30776.271828078425,30778.422860931536,0.8396374825279054,-4.078897664218857,4.918535146746763,FILLED
20709478992,20714992741,coinbase->binance,0.25,coinbase,binance,30701.5943054806,30695.56597891199,2.4879864286185693,-6.112019371646966,8.600005800265535,FILLED
20726680452,20732654463,coinbase->binance,0.25,coinbase,binance,30691.763249663603,30688.346314645583,2.2237458535801125,-5.457827395202912,7.681573248783025,FILLED
20842092597,20847720178,binance->coinbase,0.25,binance,coinbase,30789.22131662971,30786.332817985287,2.4464593423326733,-5.340219008736312,7.786678351068986,FILLED
20910947204,20917065966,binance->coinbase,0.25,binance,coinbase,30849.199487269598,30833.073762583164,1.373224808181476,-8.657198522230829,10.030423330412304,FILLED
20916147549,20921682458,coinbase->binance,0.25,coinbase,binance,30820.6595403952,30796.714925508117,1.460806964274525,-10.608055422086181,12.068862386360706,FILLED
21029388342,21035468574,coinbase->binance,0.25,coinbase,binance,30723.212326324985,30704.959580497307,1.696795659203417,-9.17075566857693,10.867551327780347,FILLED
21048919120,21055063256,binance->coinbase,0.25,binance,coinbase,30737.019439891686,30732.013838718645,4.112933955742847,-5.861452649126477,9.974386604869323,FILLED
21070096906,21075554602,coinbase->binance,0.25,coinbase,binance,30777.891558237447,30772.899655256093,0.8436958391021108,-5.864409883924964,6.708105723027074,FILLED
21143482868,21149401139,binance->coinbase,0.25,binance,coinbase,30705.704223311204,30707.480078842094,1.4005719363049138,-4.162069336327477,5.562641272632391,FILLED
21144360614,21150787811,binance->coinbase,0.25,binance,coinbase,30711.618035073545,30707.480078842094,1.6395823597113122,-5.64081796750088,7.280400327212192,FILLED
21189811257,21196845387,binance->coinbase,0.25,binance,coinbase,30707.799708869406,30692.224143523927,3.2291491452006085,-8.49850373616573,11.727652881366339,FILLED
21191602037,21198918296,binance->coinbase,0.25,binance,coinbase,30698.425156863508,30692.224143523927,0.9183775889550816,-6.154397007090665,7.072774596045747,FILLED
21217247093,21223247105,coinbase->binance,0.25,coinbase,binance,30752.67898885228,30760.34088018656,0.9188315195660834,-2.697812109325241,3.6166436288913246,FILLED
21253549636,21258991093,binance->coinbase,0.25,binance,coinbase,30720.633134668125,30727.91541217703,0.7934887194096518,-2.7882538207250036,3.5817425401346554,FILLED
21301951090,21307748528,coinbase->binance,0.25,coinbase,binance,30673.44858491601,30667.820206347875,1.2357446122568945,-6.0078305108418135,7.243575123098708,FILLED
21322002187,21328126019,binance->coinbase,0.25,binance,coinbase,30746.0316475346,30754.63168301219,6.879938480200508,-2.4627558812808275,9.342694361481335,FILLED
21322477757,21329097777,binance->coinbase,0.25,binance,coinbase,30746.0316475346,30740.27555799785,1.6905066083818383,-6.050351522364508,7.740858130746346,FILLED
21445454177,21450903867,binance->coinbase,0.25,binance,coinbase,30676.854234139704,30671.05592943723,2.582562479698936,-6.050524480268905,8.63308695996784,FILLED
21478905614,21484070353,binance->coinbase,0.25,binance,coinbase,30658.28818145045,30664.453523219312,3.0017823667585617,-3.0580243191798218,6.0598066859383835,FILLED
21508202783,21514143606,binance->coinbase,0.25,binance,coinbase,30746.944993416953,30744.989989696045,1.4358222125238171,-5.100597178868156,6.5364193913919735,FILLED
21517864679,21524531983,coinbase->binance,0.25,coinbase,binance,30776.413913422017,30761.260516577215,0.9439746368298074,-8.404053628371003,9.34802826520081,FILLED
21554495543,21560391927,coinbase->binance,0.25,coinbase,binance,30765.683928971823,30774.821062402327,0.9976005302132762,-2.331026088391809,3.3286266186050852,FILLED
21813219150,21819339433,binance->coinbase,0.25,binance,coinbase,30734.42168534071,30724.692939367225,4.721514148742244,-7.041376871574357,11.762891020316601,FILLED
21813979284,21820716598,binance->coinbase,0.25,binance,coinbase,30734.42168534071,30739.20249112754,1.4228215531502428,-3.415439886672175,4.838261439822418,FILLED
21924854543,21930491291,binance->coinbase,0.25,binance,coinbase,30695.71092936636,30673.10542675242,1.0443052334121603,-10.25347174262788,11.29777697604004,FILLED
21958343245,21964624810,coinbase->binance,0.25,coinbase,binance,30758.063920520362,30746.519990703306,3.179088556997158,-7.499114845851182,10.67820340284834,FILLED
22077831157,22083227024,coinbase->binance,0.25,coinbase,binance,30650.246389196604,30668.16756348644,1.110815815951355,-0.11813944463483494,1.22895526058619,FILLED
22148308426,22154410735,coinbase->binance,0.25,coinbase,binance,30679.92440214255,30677.278613161394,1.264430542169066,-5.2633036161614655,6.5277341583305315,FILLED
22197363863,22203490126,binance->coinbase,0.25,binance,coinbase,30701.902466861477,30699.199232563835,1.3301212815467807,-5.280823621010313,6.610944902557094,FILLED
22593877413,22600509988,binance->coinbase,0.25,binance,coinbase,30692.93728834125,30713.886854703807,2.40898066769023,0.6313560407515979,1.777624626938632,FILLED
22594327041,22600509988,binance->coinbase,0.25,binance,coinbase,30692.93728834125,30713.886854703807,2.148923755170472,0.6313560407515979,1.517567714418874,FILLED
22699810174,22705402068,coinbase->binance,0.25,coinbase,binance,30660.73715250901,30664.652706674507,2.653137110311036,-3.6204178092102666,6.2735549195213025,FILLED
22709894934,22716431218,binance->coinbase,0.25,binance,coinbase,30707.26425606915,30703.545098279363,2.5860924534954393,-5.535507170077835,8.121599623573275,FILLED
22710817417,22716431218,binance->coinbase,0.25,binance,coinbase,30707.26425606915,30703.545098279363,1.766083539239844,-5.535507170077835,7.301590709317679,FILLED
22901022847,22907034005,binance->coinbase,0.25,binance,coinbase,30654.524291340298,30644.463219499085,3.097963620549308,-7.112440496820454,10.210404117369762,FILLED
22901034640,22907034005,binance->coinbase,0.25,binance,coinbase,30654.524291340298,30644.463219499085,2.5470134099932693,-7.112440496820454,9.659453906813724,FILLED
22920184862,22926042411,coinbase->binance,0.25,coinbase,binance,30614.834687668757,30629.443899976784,2.1395484653830863,-0.9406525867589153,3.0802010521420016,FILLED
23019010552,23024730875,binance->coinbase,0.25,binance,coinbase,30745.12556400417,30721.965209437516,2.1008948083999712,-10.399541440808207,12.500436249208178,FILLED
23141191037,23147201944,coinbase->binance,0.25,coinbase,binance,30893.00511916495,30883.564558182683,3.1367484871079796,-6.993618985393368,10.130367472501348,FILLED
23298407628,23304937104,binance->coinbase,0.25,binance,coinbase,30981.475668581937,30978.885704171407,1.334645424163682,-5.29445345647855,6.629098880642232,FILLED
23352861958,23358495167,coinbase->binance,0.25,coinbase,binance,31002.486068999995,31007.434235598517,1.1324665444753919,-3.413578669049457,4.546045213524849,FILLED
23480880268,23486290230,binance->coinbase,0.25,binance,coinbase,31125.706958785755,31129.28088560811,0.8982945170919265,-3.7757317309115024,4.674026248003429,FILLED
23625801825,23632528944,coinbase->binance,0.25,coinbase,binance,31168.277644522324,31165.42763056664,1.8300131866590164,-5.387602634901668,7.217615821560685,FILLED
23645228162,23650662539,binance->coinbase,0.25,binance,coinbase,31184.592431758298,31182.18949753783,1.0450040011301098,-5.278182126458887,6.323186127588997,FILLED
23666553468,23671773073,coinbase->binance,0.25,coinbase,binance,31138.609067473615,31136.655938944397,1.996398076663354,-5.158975835999627,7.155373912662981,FILLED
23673202785,23680688319,coinbase->binance,0.25,coinbase,binance,31125.91404569243,31123.145159118165,2.229818829899159,-5.3609703060919855,7.590789135991145,FILLED
23696194940,23703235321,binance->coinbase,0.25,binance,coinbase,31126.95245910148,31122.982355942437,2.0922054120246685,-5.6611716483112104,7.753377060335879,FILLED
23697663310,23704680525,binance->coinbase,0.25,binance,coinbase,31157.586281381577,31159.523931196585,0.9310282314827418,-4.189419253437336,5.120447484920078,FILLED
23765857236,23772670789,coinbase->binance,0.25,coinbase,binance,31240.07091200844,31246.814629046454,5.4435489960887935,-3.000418563149651,8.443967559238445,FILLED
23766573648,23772670789,coinbase->binance,0.25,coinbase,binance,31240.07091200844,31246.814629046454,1.0593731465742167,-3.000418563149651,4.059791709723868,FILLED
23826194840,23832935967,binance->coinbase,0.25,binance,coinbase,31333.8444640974,31331.167000411006,1.612981208749261,-5.369174844844565,6.982156053593826,FILLED
23830108453,23835910384,coinbase->binance,0.25,coinbase,binance,31346.160874530266,31332.434732251295,1.5033588420765227,-8.132773393807838,9.63613223588436,FILLED
23934934673,23941262631,coinbase->binance,0.25,coinbase,binance,31376.035597847225,31384.653586241144,1.0125014371969883,-2.5523391406177325,3.5648405778147207,FILLED
23990083385,23996247942,coinbase->binance,0.25,coinbase,binance,31328.593063406544,31335.836521930894,3.399502989262146,-2.888786501350296,6.288289490612442,FILLED
23997758731,24003431818,coinbase->binance,0.25,coinbase,binance,31310.87025481315,31304.41570602783,3.9551124402878486,-6.309945007113129,10.265057447400977,FILLED
24011118013,24017789952,binance->coinbase,0.25,binance,coinbase,31313.150361567903,31288.549006874742,2.6806120014343833,-10.84485109205616,13.525463093490544,FILLED
24020164841,24026318580,coinbase->binance,0.25,coinbase,binance,31263.782731058214,31270.7173971007,1.3610491284780437,-2.956247632339,4.317296760817044,FILLED
24046513565,24054643419,binance->coinbase,0.25,binance,coinbase,31266.774343705187,31258.399304882794,0.9841709425463705,-6.782938353271675,7.767109295818045,FILLED
24046684166,24054643419,binance->coinbase,0.25,binance,coinbase,31266.774343705187,31258.399304882794,1.1629794415794095,-6.782938353271675,7.945917794851084,FILLED
24155276027,24161016810,binance->coinbase,0.25,binance,coinbase,31282.729751392497,31267.00256017849,1.0925487550603066,-8.622634547089547,9.715183302149853,FILLED
24158517911,24164436541,binance->coinbase,0.25,binance,coinbase,31276.384830190684,31273.785806170883,3.3321253517988225,-5.340953827077101,8.673079178875923,FILLED
24283591679,24289213201,coinbase->binance,0.25,coinbase,binance,31224.66330503676,31219.42151554353,0.8934230109198324,-5.99388477958837,6.887307790508203,FILLED
24291395739,24297671936,binance->coinbase,0.25,binance,coinbase,31290.259054269376,31275.596496692895,1.5585882042296362,-8.357711996502985,9.916300200732621,FILLED
24466747145,24473037779,coinbase->binance,0.25,coinbase,binance,31381.703258389058,31375.864035651604,2.7933279021444832,-6.1667692119845015,8.960097114128985,FILLED
24496221499,24502114726,coinbase->binance,0.25,coinbase,binance,31409.726275583624,31398.050643068542,0.8649406714202996,-7.62978328848294,8.49472395990324,FILLED
24507827352,24513499004,binance->coinbase,0.25,binance,coinbase,31395.49423262287,31388.015762252733,2.0856661911093397,-6.578193880390245,8.663860071499585,FILLED
24534056424,24539998238,binance->coinbase,0.25,binance,coinbase,31435.61521656795,31438.68223307335,1.3664362887393509,-3.94889485778549,5.315331146524841,FILLED
24644589607,24650161144,binance->coinbase,0.25,binance,coinbase,31447.377945723492,31442.591691434955,1.6678674644344937,-5.913191638564058,7.581059102998552,FILLED
24657531891,24663255214,coinbase->binance,0.25,coinbase,binance,31501.61618440381,31497.14460962009,0.822896474252957,-5.84291254485197,6.665809019104927,FILLED
24661695389,24667936424,coinbase->binance,0.25,coinbase,binance,31481.099963253604,31471.07061168307,0.8983155877631361,-7.229001419543238,8.127317007306374,FILLED
24710493526,24716636320,binance->coinbase,0.25,binance,coinbase,31535.735327974195,31536.479988363506,3.160688663041583,-4.544269667907429,7.704958330949012,FILLED
24710494875,24716636320,binance->coinbase,0.25,binance,coinbase,31535.735327974195,31536.479988363506,0.9329874417335304,-4.544269667907429,5.477257109640959,FILLED
24912498924,24918788759,coinbase->binance,0.25,coinbase,binance,31603.885801629316,31601.776673272918,1.6456090719357235,-5.26775950292631,6.913368574862034,FILLED
25040702274,25046151537,coinbase->binance,0.25,coinbase,binance,31576.209579534672,31575.893421917925,1.057010384141904,-4.815455033236503,5.872465417378407,FILLED
25042805923,25049125948,coinbase->binance,0.25,coinbase,binance,31584.160229801364,31566.45652303441,1.045765502794893,-9.162665540870876,10.208431043665769,FILLED
25214207950,25220210883,coinbase->binance,0.25,coinbase,binance,31459.60690686793,31457.692953308182,0.9994982794196403,-5.197333728288868,6.196832007708508,FILLED
25361257712,25367601351,binance->coinbase,0.25,binance,coinbase,31504.018620637416,31491.909334911652,1.890736819788799,-7.751713295963782,9.642450115752581,FILLED
25417681866,25423351036,coinbase->binance,0.25,coinbase,binance,31486.426113936537,31472.166607868538,2.315553859460124,-8.287127458786927,10.60268131824705,FILLED
25681993961,25687941753,coinbase->binance,0.25,coinbase,binance,31713.226048644305,31705.230019622137,0.8786422259627216,-6.755591361386905,7.634233587349627,FILLED
25683175981,25689327743,coinbase->binance,0.25,coinbase,binance,31713.10783964759,31705.230019622137,0.8230364114488111,-6.7260272913090375,7.549063702757849,FILLED
25729991989,25736070730,coinbase->binance,0.25,coinbase,binance,31797.70663129422,31800.470521628384,3.1667152651989454,-4.078821605669873,7.245536870868818,FILLED
25819645489,25825312244,binance->coinbase,0.25,binance,coinbase,31815.350658124993,31806.315205192925,1.062048087529547,-7.030262286442849,8.092310373972396,FILLED
25909565039,25915605682,coinbase->binance,0.25,coinbase,binance,31819.793800490792,31818.74765175215,2.119264910140373,-5.034453947297152,7.153718857437525,FILLED
25910282186,25915605682,coinbase->binance,0.25,coinbase,binance,31819.793800490792,31818.74765175215,1.3973215333462576,-5.034453947297152,6.4317754806434095,FILLED
25922245064,25928198297,coinbase->binance,0.24999999999999997,coinbase,binance,31750.689276822857,31742.47867696132,5.312818698929732,-6.814842826915083,12.127661525844815,FILLED
26112920967,26119279400,coinbase->binance,0.25,coinbase,binance,31769.078280938145,31757.369803731555,1.1997431691179372,-7.691895619927891,8.891638789045828,FILLED
26198450229,26204072217,coinbase->binance,0.25,coinbase,binance,31786.240997537665,31770.634466867155,2.301536245428906,-8.668788490724182,10.970324736153088,FILLED
26226799388,26232659129,binance->coinbase,0.25,binance,coinbase,31816.043288599438,31813.337274251768,1.0982559364238114,-5.448639478772748,6.546895415196559,FILLED
26246738159,26252867729,binance->coinbase,0.25,binance,coinbase,31835.683278153712,31839.24529161321,1.2535103743248328,-3.885205328194388,5.138715702519221,FILLED
26247184851,26252867729,binance->coinbase,0.25,binance,coinbase,31835.683278153712,31839.24529161321,1.458062453835737,-3.885205328194388,5.343267782030125,FILLED
26309931033,26316389649,coinbase->binance,0.25,coinbase,binance,31869.534070690177,31875.0322864753,0.8732570101956298,-3.406151075112575,4.279408085308205,FILLED
26329824102,26335211449,binance->coinbase,0.25,binance,coinbase,31914.36144950197,31929.234086500954,1.3296298568848215,-1.0704822313791738,2.4001120882639952,FILLED
26335937499,26341915542,coinbase->binance,0.25,coinbase,binance,31944.541870726614,31942.551752145504,1.2233279685688103,-5.289111419957408,6.512439388526218,FILLED
26367517826,26374832584,binance->coinbase,0.25,binance,coinbase,32008.20022132519,32003.578893073198,1.4451408393179008,-5.956099963371344,7.4012408026892444,FILLED
26376522964,26382131645,binance->coinbase,0.25,binance,coinbase,31976.737284934658,31969.442281769658,1.2462468909325253,-6.619531883673517,7.865778774606042,FILLED
26417026721,26423227952,binance->coinbase,0.25,binance,coinbase,32040.22003978336,32035.821926857152,1.6766498003607921,-5.905121426226287,7.58177122658708,FILLED
26478779001,26484821864,coinbase->binance,0.25,coinbase,binance,32083.49826978654,32085.252719313972,1.2213834908825447,-4.374000081086706,5.595383571969251,FILLED
26572969416,26578912249,coinbase->binance,0.25,coinbase,binance,32102.082647659194,32103.58013458079,1.3929300720355968,-4.441015541096931,5.833945613132528,FILLED
26710126698,26715710694,coinbase->binance,0.25,coinbase,binance,32075.57379986443,32080.94595749367,1.2379529403851848,-3.468565270551153,4.706518210936338,FILLED
26758463775,26763568962,coinbase->binance,0.25,coinbase,binance,32042.99405005484,32047.679652035942,1.7015887318202658,-3.6352828923318157,5.3368716241520815,FILLED
26816338945,26821921204,binance->coinbase,0.25,binance,coinbase,32008.80049518865,31996.623425453425,6.468762569284991,-7.8443698011114975,14.313132370396488,FILLED
26817123544,26823068584,binance->coinbase,0.25,binance,coinbase,32000.712516266085,31996.623425453425,3.4873892674067974,-5.821970671524468,9.309359938931266,FILLED
26862526902,26867784970,coinbase->binance,0.25,coinbase,binance,32053.281622956078,32050.46578370281,1.2119323890838132,-5.5118112647978705,6.723743653881684,FILLED
26880717738,26886910431,coinbase->binance,0.25,coinbase,binance,32128.655456214547,32134.523780201052,2.733872018226066,-3.3525107380055488,6.086382756231615,FILLED
26880829205,26886910431,coinbase->binance,0.25,coinbase,binance,32128.655456214547,32134.523780201052,1.8842024502700951,-3.3525107380055488,5.236713188275644,FILLED
26886047837,26894172757,coinbase->binance,0.25,coinbase,binance,32188.144869423668,32148.013064320927,1.9834561668012611,-14.859166415843902,16.842622582645163,FILLED
26887529793,26894172757,binance->coinbase,0.25,binance,coinbase,32151.81484504332,32185.151482239256,0.8234909426610102,3.508053408509113,-2.684562465848103,FILLED
26894172757,26899837596,binance->coinbase,0.25,binance,coinbase,32214.707467882923,32204.332896478507,3.508053408509113,-7.424811514146313,10.932864922655426,FILLED
26895120162,26900836480,binance->coinbase,0.25,binance,coinbase,32220.021060662937,32205.224537429924,4.596698833289338,-8.530654315029096,13.127353148318434,FILLED
26895418596,26900836480,binance->coinbase,0.25,binance,coinbase,32220.021060662937,32205.224537429924,2.6290788218766465,-8.530654315029096,11.159733136905743,FILLED
26896367231,26901680608,binance->coinbase,0.25,binance,coinbase,32215.718581170524,32214.2959348582,1.916375106754458,-5.1878771006249735,7.104252207379432,FILLED
26938619351,26944260139,coinbase->binance,0.25,coinbase,binance,32214.194582097967,32210.466908493774,4.737995925942414,-5.763861204683053,10.501857130625467,FILLED
26946382117,26952934475,binance->coinbase,0.25,binance,coinbase,32249.264532473393,32237.37236763697,0.8151717381497292,-7.8092416724930445,8.624413410642774,FILLED
26968845028,26975341163,binance->coinbase,0.25,binance,coinbase,32237.643514254905,32222.28142631728,1.7079280038424258,-8.674632302750979,10.382560306593405,FILLED
27037744492,27043714811,coinbase->binance,0.25,coinbase,binance,32249.13149890931,32248.099320458197,2.254783639114976,-5.095362728692635,7.350146367807611,FILLED
27049745238,27056082567,coinbase->binance,0.25,coinbase,binance,32278.559247184123,32274.232542492886,1.0090559410327842,-5.923243724652821,6.932299665685605,FILLED
27059052606,27064980239,coinbase->binance,0.25,coinbase,binance,32308.49688463886,32308.62569493752,1.1079409120429773,-4.814078398545462,5.922019310588439,FILLED
27131845336,27137596254,coinbase->binance,0.25,coinbase,binance,32363.98488316623,32360.68971071613,2.2236376687515076,-5.678226086377435,7.901863755128943,FILLED
27320951490,27328299958,coinbase->binance,0.25,coinbase,binance,32402.919255583638,32401.874542309637,0.9967888224618946,-5.1215639711736,6.118352793635495,FILLED
27502346275,27509380504,coinbase->binance,0.25,coinbase,binance,32439.59740287466,32421.157916690772,2.1150331439685033,-9.474889182093648,11.589922326062151,FILLED
27630984258,27636690152,binance->coinbase,0.25,binance,coinbase,32348.59945912158,32353.074078587055,3.7150276676893554,-3.7340825144456176,7.449110182134973,FILLED
27673784729,27678841879,binance->coinbase,0.25,binance,coinbase,32343.586671164627,32345.686130897495,3.4614491052780068,-4.326883013430233,7.78833211870824,FILLED
27726223949,27732756247,coinbase->binance,0.25,coinbase,binance,32365.529519077798,32371.96848905098,2.6799864656786667,-3.2454088830636465,5.925395348742313,FILLED
27726687107,27732756247,coinbase->binance,0.25,coinbase,binance,32365.529519077798,32371.96848905098,1.1893754528355203,-3.2454088830636465,4.434784335899167,FILLED
27734538167,27740093305,coinbase->binance,0.25,coinbase,binance,32409.774109843813,32395.76519868213,1.061886270411378,-8.362993461340011,9.424879731751389,FILLED
27754490239,27760603425,binance->coinbase,0.25,binance,coinbase,32429.866881408107,32429.016596169677,3.5787356219288995,-5.076966313295088,8.655701935223988,FILLED
27755466103,27761203512,binance->coinbase,0.25,binance,coinbase,32436.97007704027,32429.016596169677,2.1907911033958953,-6.853120381117151,9.043911484513046,FILLED
27851874326,27857930443,binance->coinbase,0.25,binance,coinbase,32383.01355575148,32368.154816126473,1.702534171786283,-8.570651065651873,10.273185237438156,FILLED
27852284375,27857930443,binance->coinbase,0.25,binance,coinbase,32383.01355575148,32368.154816126473,2.2627188948563344,-8.570651065651873,10.833369960508207,FILLED
27856591203,27862879133,coinbase->binance,0.25,coinbase,binance,32395.025016275675,32393.29875257505,1.7354091025517846,-5.290733364412517,7.026142466964302,FILLED
27863840637,27869398816,binance->coinbase,0.25,binance,coinbase,32434.21979769555,32451.757167076783,3.8700485900990316,-0.4825443612835443,4.352592951382576,FILLED
27864731328,27870643285,binance->coinbase,0.25,binance,coinbase,32454.382852564722,32451.757167076783,1.617744705925361,-5.524316231319972,7.142060937245333,FILLED
27880168183,27886644353,coinbase->binance,0.25,coinbase,binance,32398.945789707162,32399.240295813153,1.5114782205464508,-4.786230067264114,6.297708287810565,FILLED
27880826871,27886644353,coinbase->binance,0.25,coinbase,binance,32398.945789707162,32399.240295813153,1.5305259690130697,-4.786230067264114,6.316756036277184,FILLED
27928367067,27934060687,binance->coinbase,0.25,binance,coinbase,32380.903842259257,32384.5059677216,2.27978350707599,-3.956964423298814,6.236747930374804,FILLED
27994169554,27999859983,binance->coinbase,0.25,binance,coinbase,32354.2499509152,32335.85307382484,1.7806776432244078,-9.45051707751827,11.231194720742678,FILLED
28117515945,28124122136,binance->coinbase,0.25,binance,coinbase,32215.448383295457,32220.657073467988,3.0824579628997526,-3.530665583379232,6.613123546278985,FILLED
28205693607,28210880438,binance->coinbase,0.25,binance,coinbase,32223.99490874008,32221.26617778872,2.918058882780315,-5.515509101055613,8.433567983835928,FILLED
28288143417,28294745393,coinbase->binance,0.25,coinbase,binance,32127.528733767078,32143.88257145847,1.8203791040941724,-0.731487579100758,2.5518666831949304,FILLED
28294845939,28300830923,coinbase->binance,0.25,coinbase,binance,32162.348575389213,32164.29782852651,4.760100186053023,-4.337136464641844,9.097236650694867,FILLED
28361754162,28367671482,binance->coinbase,0.25,binance,coinbase,32074.47594987023,32069.224472536112,1.846661798376772,-6.123515578276056,7.970177376652828,FILLED
28391604284,28397571892,binance->coinbase,0.25,binance,coinbase,32111.114658076975,32125.593843747112,3.5859304583864287,-1.1983186997440498,4.7842491581304785,FILLED
28473521785,28480107638,binance->coinbase,0.25,binance,coinbase,32214.140093019814,32230.867726460907,1.9764020951542989,-0.65188541702355,2.628287512177849,FILLED
28473996661,28480107638,binance->coinbase,0.25,binance,coinbase,32214.140093019814,32230.867726460907,9.191981135649257,-0.65188541702355,9.843866552672807,FILLED
28474157623,28481225845,binance->coinbase,0.25,binance,coinbase,32214.140093019814,32207.926200021426,3.7365278889556066,-6.384972874249797,10.121500763205404,FILLED
28474185876,28480107638,binance->coinbase,0.25,binance,coinbase,32214.140093019814,32230.867726460907,0.9566945572532859,-0.65188541702355,1.6085799742768359,FILLED
28646070061,28652218325,coinbase->binance,0.25,coinbase,binance,32142.671800141972,32132.151305852996,1.7241847651148419,-7.450998317550329,9.175183082665171,FILLED
28884476126,28890181707,coinbase->binance,0.25,coinbase,binance,31947.198677636246,31934.322485163113,2.2087602819628955,-8.010484110304787,10.219244392267683,FILLED
28904128664,28910745719,binance->coinbase,0.25,binance,coinbase,31959.81765595351,31963.077670531733,1.698678602410837,-3.979295005295171,5.677973607706008,FILLED
28914605000,28920968682,coinbase->binance,0.25,coinbase,binance,31977.21226833114,31959.334929966455,4.0966605812000125,-9.265022564502033,13.361683145702045,FILLED
28915031593,28920968682,coinbase->binance,0.25,coinbase,binance,31977.21226833114,31959.334929966455,0.8757787268141328,-9.265022564502033,10.140801291316166,FILLED
28923038994,28928561172,binance->coinbase,0.25,binance,coinbase,31923.04373744918,31925.940805675582,3.4965310817942736,-4.064479210839636,7.56101029263391,FILLED
29104535559,29110525147,binance->coinbase,0.25,binance,coinbase,31939.661959311074,31925.51202831711,1.816970857657907,-8.32701704928877,10.143987906946677,FILLED
29104690787,29110525147,binance->coinbase,0.25,binance,coinbase,31939.661959311074,31925.51202831711,1.7918159367809494,-8.32701704928877,10.11883298606972,FILLED
29105214323,29110525147,binance->coinbase,0.25,binance,coinbase,31939.661959311074,31925.51202831711,1.9441558507869559,-8.32701704928877,10.271172900075726,FILLED
29106325812,29113296073,binance->coinbase,0.25,binance,coinbase,31937.157266841845,31925.51202831711,3.383372271820008,-7.700718697357843,11.08409096917785,FILLED
29410657640,29417102071,coinbase->binance,0.25,coinbase,binance,31927.505903084228,31923.742223045792,4.801506802882614,-5.729857711069599,10.531364513952212,FILLED
29434353092,29440867483,coinbase->binance,0.25,coinbase,binance,31975.111957388213,31966.222041577643,1.2590654753803392,-7.018301250460354,8.277366725840693,FILLED
29520810413,29526640475,binance->coinbase,0.25,binance,coinbase,32072.46317658007,32087.319606776888,2.0428645231786504,-1.0982475703021919,3.1411120934808423,FILLED
29565716674,29572372934,binance->coinbase,0.25,binance,coinbase,32045.43130825434,32039.363483792557,1.0517507087251943,-6.323164029237887,7.374914737963081,FILLED
29672341108,29677857827,coinbase->binance,0.25,coinbase,binance,31969.09173552973,31974.33941972474,1.4890909831965473,-3.4837050957867177,4.972796078983265,FILLED
29725471094,29731475990,coinbase->binance,0.25,coinbase,binance,32045.384807962582,32040.514811284225,1.465986162417721,-6.024063390949777,7.4900495533674984,FILLED
29792213534,29797782166,binance->coinbase,0.25,binance,coinbase,32002.128616035923,31981.44583392557,2.4534669952754484,-9.968946541783225,12.422413537058674,FILLED
29854807823,29861070616,coinbase->binance,0.25,coinbase,binance,31875.572620464274,31880.00961308663,3.160113091459607,-3.6723095871120677,6.832422678571675,FILLED
29899225027,29905424937,binance->coinbase,0.25,binance,coinbase,31833.814678618473,31847.369301917483,2.044475406842139,-1.387771839369634,3.432247246211773,FILLED
29899902695,29905424937,binance->coinbase,0.25,binance,coinbase,31833.814678618473,31847.369301917483,0.8082490719143607,-1.387771839369634,2.196020911283995,FILLED
30008489155,30014174179,coinbase->binance,0.25,coinbase,binance,31819.61966480679,31833.195355777996,0.9290044865856544,-1.379698991467194,2.3087034780528484,FILLED
30008572741,30015576861,coinbase->binance,0.25,coinbase,binance,31835.850739690573,31833.195355777996,4.555157883045467,-5.439090819902049,9.994248702947516,FILLED
30009475868,30015576861,coinbase->binance,0.25,coinbase,binance,31835.850739690573,31833.195355777996,2.5819781178688572,-5.439090819902049,8.021068937770906,FILLED
30034015187,30039932571,binance->coinbase,0.25,binance,coinbase,31858.16374539,31867.352597115732,2.3890761241600558,-2.4824305155480033,4.871506639708059,FILLED
30034676574,30040914179,binance->coinbase,0.25,binance,coinbase,31873.98589159277,31867.352597115732,1.8895640053324314,-6.438758173550923,8.328322178883354,FILLED
30084723003,30090977613,binance->coinbase,0.25,binance,coinbase,32014.538832957653,32008.401098324506,1.2284117111621526,-6.336000709767177,7.5644124209293295,FILLED
30345297465,30351503331,coinbase->binance,0.25,coinbase,binance,32214.475033016923,32210.30499217471,1.5307970713702161,-5.874472963462722,7.405270034832938,FILLED
30364056593,30369913507,coinbase->binance,0.25,coinbase,binance,32226.467076285233,32225.026462519425,0.9350488212849086,-5.194051472206411,6.1291002934913195,FILLED
30386161330,30391867769,binance->coinbase,0.25,binance,coinbase,32215.99325891735,32208.434874443872,1.065005826104425,-6.721239268760655,7.78624509486508,FILLED
30696170710,30702404915,coinbase->binance,0.25,coinbase,binance,32200.484763769593,32196.434556830256,1.67304193221662,-5.842421939052656,7.515463871269276,FILLED
30713816801,30719305875,binance->coinbase,0.25,binance,coinbase,32175.888380490534,32159.10175344417,0.8069807115434742,-9.021361355959925,9.8283420675034,FILLED
30742472587,30748721251,binance->coinbase,0.25,binance,coinbase,32183.844705376865,32169.74039599782,2.2056809256937413,-8.352243619629917,10.557924545323658,FILLED
30761311630,30766988303,coinbase->binance,0.25,coinbase,binance,32241.279005282548,32226.339850939097,0.8805273697007578,-8.570233478937553,9.45076084863831,FILLED
30771599294,30777487082,binance->coinbase,0.25,binance,coinbase,32248.540621978507,32245.58022567148,0.8464373617380261,-5.577084130422918,6.423521492160944,FILLED
30948618310,30954693138,coinbase->binance,0.25,coinbase,binance,32393.07485687381,32390.444468291284,1.51515465459579,-5.516426854733254,7.031581509329044,FILLED
30953139645,30958703380,binance->coinbase,0.25,binance,coinbase,32387.39493932131,32378.32068604898,1.1124717979892011,-7.125765133653658,8.23823693164286,FILLED
31164453191,31170617981,coinbase->binance,0.25,coinbase,binance,32275.688847629517,32265.55751211857,0.9087246519529799,-7.373680638105725,8.282405290058705,FILLED
31242979319,31249389607,coinbase->binance,0.25,coinbase,binance,32242.448150028464,32247.320216646975,1.4696595498699025,-3.6185941712074055,5.088253721077308,FILLED
31307162989,31312929458,coinbase->binance,0.25,coinbase,binance,32267.04659953217,32260.017705491246,1.2347976184782965,-6.596929055458531,7.831726673936828,FILLED
31358161173,31363811782,coinbase->binance,0.25,coinbase,binance,32279.395601379303,32266.104581686424,1.0367377015363672,-8.163999712442092,9.200737413978459,FILLED
31377539568,31384143449,binance->coinbase,0.25,binance,coinbase,32234.141654100407,32230.80823244148,0.8631925550735104,-5.668143320681338,6.5313358757548485,FILLED
31563728336,31570505859,coinbase->binance,0.25,coinbase,binance,32327.72394035221,32312.01692085963,1.8367179511615177,-8.775128113223218,10.611846064384736,FILLED
31597876581,31604017407,binance->coinbase,0.25,binance,coinbase,32351.87388941159,32341.07010974768,0.8895748550339704,-7.552645621422926,8.442220476456896,FILLED
31675466892,31680768884,binance->coinbase,0.25,binance,coinbase,32339.05149877356,32345.09590939843,4.743367541023872,-3.34035950965972,8.083727050683592,FILLED
31712156121,31718381993,binance->coinbase,0.25,binance,coinbase,32244.394302013916,32233.543428483063,2.3540283247793923,-7.548292440662408,9.9023207654418,FILLED
31766841581,31774353396,binance->coinbase,0.25,binance,coinbase,32192.799103126843,32193.442868584298,3.6570020080935137,-4.668042877650805,8.325044885744319,FILLED
31837397557,31844393465,coinbase->binance,0.25,coinbase,binance,32079.167324169815,32052.17857901164,2.1135591645752356,-11.557711950911653,13.671271115486888,FILLED
31914778731,31922825236,binance->coinbase,0.25,binance,coinbase,32075.231181611085,32076.477967393308,1.2409262464652784,-4.499712910263952,5.74063915672923,FILLED
31945075077,31950701586,coinbase->binance,0.25,coinbase,binance,32159.245427081645,32139.003447792762,1.598366163530045,-9.883369537318686,11.48173570084873,FILLED
32002412613,32007605849,coinbase->binance,0.25,coinbase,binance,32145.71086623721,32136.745576865585,2.404913695900177,-7.062730708372328,9.467644404272505,FILLED
32003743849,32011693143,coinbase->binance,0.25,coinbase,binance,32168.087529301363,32167.533994191555,2.673076387472065,-4.963569230091707,7.636645617563772,FILLED
32177688611,32183709189,coinbase->binance,0.25,coinbase,binance,32084.015113376678,32095.23388993829,5.829184270986843,-2.0084690654321093,7.837653336418953,FILLED
32178229226,32184267174,coinbase->binance,0.25,coinbase,binance,32084.015113376678,32089.45411049985,2.0272439892323746,-3.4531249360697984,5.480368925302173,FILLED
32179654096,32186688660,coinbase->binance,0.25,coinbase,binance,32092.479886436235,32091.464921286144,1.1275942628535631,-5.067562522230219,6.195156785083782,FILLED
32190292607,32196216974,binance->coinbase,0.25,binance,coinbase,32138.221580203895,32127.58782984136,6.144917517691283,-7.478107452629047,13.62302497032033,FILLED
32217827403,32224616515,binance->coinbase,0.25,binance,coinbase,32176.543847694655,32163.269552999223,1.3380133049386131,-8.143727821542598,9.48174112648121,FILLED
32396088968,32402096114,binance->coinbase,0.25,binance,coinbase,32053.92442805359,32037.26064294833,1.4233613797305225,-8.97236856201198,10.395729941742502,FILLED
32396510925,32401679619,binance->coinbase,0.25,binance,coinbase,32053.92442805359,32045.298730033606,1.4909389193453535,-6.963650599402172,8.454589518747525,FILLED
32490348079,32496143763,coinbase->binance,0.25,coinbase,binance,32119.666250701586,32109.173392264347,1.4917441770876394,-7.440639903993542,8.932384081081182,FILLED
32521035719,32527182113,coinbase->binance,0.25,coinbase,binance,32157.84561770902,32153.966117630993,0.8381410789379515,-5.7933578871598,6.631498966097752,FILLED
32530413110,32536141206,binance->coinbase,0.25,binance,coinbase,32203.651967050348,32200.118202475955,0.925979718448616,-5.713635562197851,6.639615280646467,FILLED
32572667438,32579273060,coinbase->binance,0.25,coinbase,binance,32184.443821204757,32168.88832205517,2.549570753784792,-8.715763585620152,11.265334339404944,FILLED
32574156769,32579588771,coinbase->binance,0.25,coinbase,binance,32191.97818945717,32181.73179398263,3.0382002809064943,-7.389883277280205,10.4280835581867,FILLED
32585242654,32592206671,coinbase->binance,0.25,coinbase,binance,32198.592926788508,32189.056787526988,1.6007807662062987,-7.213346947434729,8.814127713641028,FILLED
32787132560,32792987315,binance->coinbase,0.25,binance,coinbase,32279.494201922993,32279.926089183387,2.426542855032494,-4.733995503916049,7.160538358948543,FILLED
32799646568,32807032954,binance->coinbase,0.25,binance,coinbase,32331.003268078053,32339.799319271715,0.8729852675251095,-2.6515172969156993,3.524502564440809,FILLED
32800368034,32807032954,binance->coinbase,0.25,binance,coinbase,32331.003268078053,32339.799319271715,0.9900513822076391,-2.6515172969156993,3.6415686791233384,FILLED
33013712478,33019549763,binance->coinbase,0.25,binance,coinbase,32231.280036936125,32232.97820325764,1.0843472289943747,-4.41032024179367,5.494667470788045,FILLED
33107530093,33114604203,coinbase->binance,0.25,coinbase,binance,32286.88908095473,32273.83087539883,1.7167073395721673,-8.106931840839934,9.823639180412101,FILLED
33207516843,33213403242,binance->coinbase,0.25,binance,coinbase,32287.935740580502,32283.853274353045,2.1839077394633932,-5.863398671329378,8.047306410792771,FILLED
33242150789,33247623621,binance->coinbase,0.25,binance,coinbase,32267.038549148092,32270.14788134588,1.6049773158447351,-4.0630336661442925,5.668010981989028,FILLED
33244520679,33250634894,binance->coinbase,0.25,binance,coinbase,32273.41933460967,32271.545383343288,1.4607049293126693,-5.309313321660738,6.770018250973408,FILLED
33355505640,33360892609,coinbase->binance,0.25,coinbase,binance,32222.090409427383,32217.753456029175,1.0602009458580142,-5.917335063295468,6.977536009153482,FILLED
33401993783,33407724759,binance->coinbase,0.25,binance,coinbase,32282.686203126086,32274.84917131684,1.0980096558396326,-6.800877179599411,7.898886835439043,FILLED
33807047071,33813761920,coinbase->binance,0.25,coinbase,binance,32197.47668011303,32201.680594501722,3.477237632550896,-3.7788531005635377,7.2560907331144335,FILLED
33877826595,33883318252,coinbase->binance,0.25,coinbase,binance,32178.780580621566,32159.426047946097,1.6431415409642796,-9.66448252932696,11.30762407029124,FILLED
33946014396,33951651956,coinbase->binance,0.25,coinbase,binance,32178.493000362145,32185.311931515254,1.126056743445588,-3.122382108334932,4.24843885178052,FILLED
34005143948,34013772076,binance->coinbase,0.25,binance,coinbase,32177.973880579226,32173.110391266855,1.1833491967363443,-6.042082061248038,7.225431257984383,FILLED
34021319453,34026999930,binance->coinbase,0.25,binance,coinbase,32130.29030002863,32123.230534407576,1.0472532180256167,-6.583778973706103,7.63103219173172,FILLED
34021338253,34026999930,binance->coinbase,0.25,binance,coinbase,32130.29030002863,32123.230534407576,2.215445501213253,-6.583778973706103,8.799224474919356,FILLED
34141913895,34146962233,coinbase->binance,0.25,coinbase,binance,32139.040408870304,32134.734796135148,1.4135086665755807,-5.897043964482691,7.310552631058272,FILLED
34151911405,34158240714,coinbase->binance,0.25,coinbase,binance,32110.84667195681,32105.32385594146,1.6058537364069707,-6.19705486383009,7.8029086002370605,FILLED
34186461605,34192209509,binance->coinbase,0.25,binance,coinbase,32187.542499367923,32180.719430263827,0.8257626945442098,-6.533216344018001,7.358979038562211,FILLED
34261021266,34266306241,coinbase->binance,0.25,coinbase,binance,32029.70982424788,32026.541612356225,4.369540446468818,-5.596351035956104,9.965891482424922,FILLED
34270257932,34276868723,binance->coinbase,0.25,binance,coinbase,32056.267943146693,32048.73999025622,1.8443119453568215,-6.68967561880163,8.533987564158451,FILLED
34280571499,34285918252,binance->coinbase,0.25,binance,coinbase,32126.435119662045,32114.958338726145,1.4924581264731387,-7.687012823830628,9.179470950303767,FILLED
34313743483,34318953944,coinbase->binance,0.25,coinbase,binance,32142.399052377634,32139.750124453647,2.8611838256674673,-5.483459392457917,8.344643218125384,FILLED
34313813468,34319667617,coinbase->binance,0.25,coinbase,binance,32145.751325251415,32139.750124453647,1.1469552260023193,-6.3218628381901,7.468818064192419,FILLED
34435403712,34442598203,binance->coinbase,0.25,binance,coinbase,32250.580195939063,32243.52268744466,3.815141538091666,-6.601258402141866,10.416399940233532,FILLED
34483079454,34489817199,binance->coinbase,0.25,binance,coinbase,32237.83652039763,32238.972085982135,2.2070478334471773,-4.5518976384910275,6.758945471938205,FILLED
34490734239,34496454439,coinbase->binance,0.25,coinbase,binance,32228.49268337459,32233.801015513363,1.7580219875035255,-3.507456284419277,5.265478271922802,FILLED
34602492462,34608674132,coinbase->binance,0.25,coinbase,binance,32129.21992856485,32126.78840340934,0.9447018859091258,-5.427142701903904,6.37184458781303,FILLED
34652670869,34658724446,binance->coinbase,0.25,binance,coinbase,32150.027043760867,32155.413965758067,1.1019688783535457,-3.4763122494632626,4.578281127816808,FILLED
34711895631,34718551162,coinbase->binance,0.25,coinbase,binance,32137.77107344137,32147.111015612827,4.331278599212055,-2.486147115260792,6.817425714472847,FILLED
34732871847,34738881669,binance->coinbase,0.25,binance,coinbase,32167.66298761294,32166.202756855946,1.1610343916090642,-5.190061114314631,6.351095505923695,FILLED
34855474964,34862053871,binance->coinbase,0.25,binance,coinbase,32128.538917813923,32125.06464523464,1.3103833147270052,-5.6875015552350305,6.997884869962036,FILLED
35071399184,35077567539,coinbase->binance,0.25,coinbase,binance,32065.41296724823,32062.675124450925,1.4251481648143454,-5.494135752273905,6.919283917088251,FILLED
35129094083,35135403429,binance->coinbase,0.25,binance,coinbase,31985.169939749845,31969.124283640194,0.8634263750873288,-8.807584952764046,9.671011327851375,FILLED
35178725702,35184684139,coinbase->binance,0.25,coinbase,binance,31941.122762235464,31941.72841595427,2.823833306907545,-4.639785267319894,7.463618574227439,FILLED
35218936194,35224292649,coinbase->binance,0.25,coinbase,binance,31949.59860808312,31941.682971737806,1.2768016348400124,-6.770953095723598,8.04775473056361,FILLED
35230661392,35235974027,coinbase->binance,0.25,coinbase,binance,31949.106160801977,31944.027087644954,1.1882377583624475,-6.061880259718237,7.250118018080684,FILLED
35230960197,35236519197,coinbase->binance,0.25,coinbase,binance,31949.106160801977,31946.394586156905,1.3261657032880976,-5.470124006656079,6.796289709944176,FILLED
35239974253,35245133146,binance->coinbase,0.25,binance,coinbase,31948.324871735796,31960.387526905084,0.9686923168228532,-1.7777912039555304,2.7464835207783835,FILLED
35268832296,35274320801,coinbase->binance,0.25,coinbase,binance,31988.83653027468,31992.91991975965,3.1103604524769253,-3.7776822777723282,6.8880427302492535,FILLED
35346101953,35351917435,coinbase->binance,0.25,coinbase,binance,32067.29105643967,32065.103422205386,1.807121271595861,-5.356892835325198,7.1640141069210586,FILLED
35350416432,35356339372,binance->coinbase,0.25,binance,coinbase,32060.68995186626,32056.55612937724,1.3654570837015854,-5.842145732785866,7.2076028164874515,FILLED
35422700787,35428724933,coinbase->binance,0.25,coinbase,binance,31943.222185776016,31961.718710737678,4.12454914403861,-0.168276913698719,4.292826057737329,FILLED
35457608288,35463248549,binance->coinbase,0.25,binance,coinbase,31971.155133708293,31963.938702639047,2.2658971405544435,-6.599059394260621,8.864956534815065,FILLED
35474223612,35479892281,binance->coinbase,0.25,binance,coinbase,32039.14961781922,32044.755486609294,2.9965444621720962,-3.4049658320336675,6.401510294205764,FILLED
35474241993,35479892281,binance->coinbase,0.25,binance,coinbase,32039.14961781922,32044.755486609294,1.1063658493949333,-3.4049658320336675,4.511331681428601,FILLED
35504513433,35510632414,binance->coinbase,0.25,binance,coinbase,31993.71700632104,31994.440179930592,1.682990148132376,-4.618336465920947,6.301326614053323,FILLED
35554132546,35559221244,binance->coinbase,0.25,binance,coinbase,32029.265215863947,32014.72002618646,2.558499067912635,-8.439232682783768,10.997731750696403,FILLED
35577843387,35583837126,coinbase->binance,0.25,coinbase,binance,31994.000622874555,32002.930123645492,1.93743481821366,-2.5671713757355974,4.504606193949257,FILLED
35590857462,35597526979,coinbase->binance,0.25,coinbase,binance,32004.916023174486,32009.0765415217,0.9616807582815454,-3.760815842590091,4.7224966008716365,FILLED
35751088340,35757095609,coinbase->binance,0.25,coinbase,binance,31964.721536420882,31961.51348603201,1.9091120366956602,-5.596560425162352,7.505672461858012,FILLED
35751141089,35756802011,coinbase->binance,0.25,coinbase,binance,31964.721536420882,31959.82166935635,1.777752876060731,-6.019430003242633,7.797182879303364,FILLED
35790237164,35797035698,coinbase->binance,0.25,coinbase,binance,32029.00787067509,32026.630997385484,1.0966970050649252,-5.398450659338778,6.495147664403703,FILLED
35870047831,35876824566,binance->coinbase,0.25,binance,coinbase,32122.920323857048,32120.820523511964,2.4664556188354254,-5.3431781548151775,7.809633773650603,FILLED
35881781094,35887157979,binance->coinbase,0.25,binance,coinbase,32151.881246906603,32147.292255781296,1.360264787064807,-5.969571069249469,7.329835856314276,FILLED
35910566696,35915990469,coinbase->binance,0.25,coinbase,binance,32171.226527377,32162.237885392402,1.2763972606653624,-7.072395043156575,8.348792303821938,FILLED
35935189371,35941027036,binance->coinbase,0.25,binance,coinbase,32139.873415299193,32133.08902896316,1.8349784300417014,-6.516399157670094,8.351377587711795,FILLED
35945733573,35951916286,binance->coinbase,0.25,binance,coinbase,32124.98979635341,32120.83579612695,1.6228375671971662,-5.856833126045785,7.4796706932429515,FILLED
36130737899,36137644922,binance->coinbase,0.25,binance,coinbase,32112.88373177757,32110.694932299197,1.7952478395491198,-5.363913549411336,7.159161388960456,FILLED
36137869363,36143640335,coinbase->binance,0.25,coinbase,binance,32080.881584262108,32072.85531605714,1.1208017802409813,-6.818297975471069,7.93909975571205,FILLED
36173273782,36179141330,coinbase->binance,0.25,coinbase,binance,32144.099675878744,32107.8704985886,1.0406843020746237,-13.877097815053276,14.9177821171279,FILLED
36178506985,36184259702,binance->coinbase,0.25,binance,coinbase,32145.356935569216,32128.99848180663,1.933617445465643,-8.909781135605044,10.843398581070687,FILLED
36179141330,36186135903,binance->coinbase,0.25,binance,coinbase,32139.57355713138,32108.6585532878,2.342276495286569,-12.546595494080066,14.888871989366635,FILLED
36186135903,36193738041,coinbase->binance,0.25,coinbase,binance,32109.02360893486,32106.478163702108,0.9379383191580928,-5.452587577266058,6.390525896424151,FILLED
36186471049,36192077355,coinbase->binance,0.25,coinbase,binance,32120.177163107637,32106.478163702108,2.3026208374149064,-8.242091475877714,10.54471231329262,FILLED
36186530222,36193738041,coinbase->binance,0.25,coinbase,binance,32109.02360893486,32106.478163702108,1.5527505201062013,-5.452587577266058,7.00533809737226,FILLED
36341587453,36349673489,coinbase->binance,0.25,coinbase,binance,32445.503357705533,32442.699172288772,1.2672996560795582,-5.567731648575318,6.835031304654876,FILLED
36532770277,36538267536,coinbase->binance,0.25,coinbase,binance,32487.42375495143,32494.933928167626,0.9815756127727582,-2.995945767855119,3.977521380627877,FILLED
36546756052,36553036468,binance->coinbase,0.25,binance,coinbase,32485.879090554623,32484.76138034682,2.2189786878125233,-5.1521976445137625,7.371176332326286,FILLED
36553940931,36559824186,coinbase->binance,0.25,coinbase,binance,32447.056493573713,32455.368089960462,0.9380427618007161,-2.7895749571680426,3.7276177189687587,FILLED
36554803774,36560592477,coinbase->binance,0.25,coinbase,binance,32447.056493573713,32442.821484722062,1.703764668018266,-5.925598936506503,7.6293636045247695,FILLED
36588409008,36594739505,coinbase->binance,0.25,coinbase,binance,32494.271307689345,32488.70790117426,1.7073148182771547,-6.2647141545985505,7.972028972875705,FILLED
36617699220,36622792256,coinbase->binance,0.25,coinbase,binance,32477.617524506655,32475.142377494252,1.7208948100114867,-5.490305624426583,7.211200434438069,FILLED
36825578990,36831206741,binance->coinbase,0.25,binance,coinbase,32315.364550428465,32313.934405360567,1.044359437643834,-5.204697935031618,6.249057372675452,FILLED
36881093344,36886737909,binance->coinbase,0.25,binance,coinbase,32282.635794977563,32274.737961560673,1.657115533897013,-6.816063940127606,8.473179474024619,FILLED
36881761326,36887771783,binance->coinbase,0.25,binance,coinbase,32291.51135140407,32284.122499916364,1.0225785346101475,-6.690200689487938,7.712779224098085,FILLED
36938772041,36944275761,binance->coinbase,0.25,binance,coinbase,32215.051730966148,32193.714634781405,1.262737631631353,-10.164398096211698,11.427135727843051,FILLED
37008552678,37014363016,coinbase->binance,0.25,coinbase,binance,32187.118936785635,32188.24711031008,1.0234953170802328,-4.546080868082754,5.569576185162987,FILLED
37021603842,37026852815,binance->coinbase,0.25,binance,coinbase,32204.327028069365,32204.953964918008,2.2539042852622515,-4.673977535734593,6.927881820996845,FILLED
37151419131,37156951427,coinbase->binance,0.25,coinbase,binance,32200.2902835244,32194.23185465084,2.1206361224258217,-6.344347839474722,8.464983961900543,FILLED
37338985242,37344863148,coinbase->binance,0.25,coinbase,binance,32175.68499550383,32171.548539274598,1.4225669102761458,-5.860259983822289,7.282826894098434,FILLED
37345545268,37351743275,binance->coinbase,0.25,binance,coinbase,32143.766279600422,32141.908174815126,2.448804940129776,-5.285905327786168,7.734710267915943,FILLED
37345750671,37351743275,binance->coinbase,0.25,binance,coinbase,32143.766279600422,32141.908174815126,1.1800161092296548,-5.285905327786168,6.4659214370158224,FILLED
37465088363,37471382040,coinbase->binance,0.25,coinbase,binance,32090.556060251463,32090.110934980043,1.5496177571294538,-4.924842470629301,6.474460227758755,FILLED
37502363450,37507852410,coinbase->binance,0.25,coinbase,binance,32039.891405357652,32028.88396842517,1.2505752780671173,-7.55729257207804,8.807867850145158,FILLED
37545624407,37552457726,binance->coinbase,0.25,binance,coinbase,32062.060030393062,32079.890647756263,1.2735239091407493,-0.35343772549458663,1.626961634635336,FILLED
37552698789,37558240535,binance->coinbase,0.25,binance,coinbase,32041.54476281179,32040.815319896028,3.599963644285708,-4.988519499071117,8.588483143356825,FILLED
37566804472,37572495693,binance->coinbase,0.25,binance,coinbase,32069.134921800152,32063.40537201414,1.3613807162410012,-6.242184729795554,7.603565446036555,FILLED
37644925960,37650160229,coinbase->binance,0.25,coinbase,binance,32184.184739697503,32169.369060424986,2.7620762331043807,-8.530806745120572,11.292882978224952,FILLED
37721178261,37726633530,binance->coinbase,0.25,binance,coinbase,32154.90332785241,32151.968872873433,0.9131288031931035,-5.556555798424597,6.4696846016177005,FILLED
37763498463,37769521037,coinbase->binance,0.25,coinbase,binance,32157.23311306189,32150.213348629193,2.8294658206350505,-6.57817508691187,9.40764090754692,FILLED
37801944954,37809270035,binance->coinbase,0.25,binance,coinbase,32147.763827341667,32154.28335238624,1.9394539163758964,-3.192935265462438,5.1323891818383345,FILLED
37870548556,37876746339,coinbase->binance,0.25,coinbase,binance,32087.984755254023,32100.145777543716,0.9661974586770157,-1.7735501919796661,2.739747650656682,FILLED
37872237093,37878518002,coinbase->binance,0.25,coinbase,binance,32086.635145211934,32096.1608668889,0.8461600172222461,-2.432041138625209,3.278201155847455,FILLED
37913951869,37919907319,coinbase->binance,0.25,coinbase,binance,32089.690370502936,32108.61696150808,1.591046896494845,-0.08275213383967639,1.6737990303345214,FILLED
37922200830,37929215948,coinbase->binance,0.25,coinbase,binance,32103.74730277103,32102.37036425569,0.9011476360083179,-5.159727877325167,6.060875513333485,FILLED
37967229634,37974241827,binance->coinbase,0.25,binance,coinbase,32028.276256212856,32022.423213494418,5.221170910421279,-6.266916813769058,11.488087724190336,FILLED
37984855138,37991120152,binance->coinbase,0.25,binance,coinbase,32031.37444131865,32042.61140688113,4.331896589849748,-1.9965884721341354,6.3284850619838835,FILLED
38133271321,38139028263,binance->coinbase,0.25,binance,coinbase,31991.392556474602,31997.131990215992,1.0164505675529654,-3.3644243914986873,4.380874959051653,FILLED
38145595461,38152940781,binance->coinbase,0.25,binance,coinbase,32015.09533945902,32011.187830508497,1.3253394456378373,-5.778750787655554,7.104090233293391,FILLED
38289272553,38294605826,coinbase->binance,0.25,coinbase,binance,32017.091791108054,32014.724818249862,1.0478961121916655,-5.394188634571037,6.442084746762703,FILLED
38353014889,38358856262,binance->coinbase,0.25,binance,coinbase,32007.03668548564,31989.22383259714,1.3730578396789497,-9.25248743965858,10.62554527933753,FILLED
38360485939,38366372029,coinbase->binance,0.25,coinbase,binance,32008.502821006747,32005.074045221758,0.9070644768107741,-5.6582979306094785,6.565362407420253,FILLED
38368801279,38376157384,coinbase->binance,0.25,coinbase,binance,32048.597440505102,32052.55528171092,0.8664958924646271,-3.818027206682018,4.684523099146645,FILLED
38425488384,38432638347,binance->coinbase,0.25,binance,coinbase,31988.133544921828,31986.173596273853,1.6861773971349976,-5.288011198867025,6.974188596002023,FILLED
38428158523,38433847228,binance->coinbase,0.25,binance,coinbase,31988.133544921828,31983.212825849427,1.1643154626635805,-6.027907727931961,7.192223190595541,FILLED
38530383403,38536227678,binance->coinbase,0.25,binance,coinbase,31956.50085197903,31955.08867417156,4.317999222452272,-5.146378361883762,9.464377584336034,FILLED
38588712817,38594969783,binance->coinbase,0.25,binance,coinbase,31987.666995366144,31970.114767706345,3.0220089137019386,-9.184451741489283,12.206460655191222,FILLED
38605543118,38611462960,coinbase->binance,0.25,coinbase,binance,31954.054261168098,31949.094086913316,2.1607765405624377,-6.032903694158449,8.193680234720887,FILLED
38605652581,38611462960,coinbase->binance,0.25,coinbase,binance,31954.054261168098,31949.094086913316,1.6626460168317863,-6.032903694158449,7.695549710990235,FILLED
38648632423,38654933579,coinbase->binance,0.25,coinbase,binance,31868.575764883477,31883.819493789197,3.8240276548440306,-0.9701163247482327,4.794143979592263,FILLED
38648974512,38654933579,coinbase->binance,0.25,coinbase,binance,31868.575764883477,31883.819493789197,2.33694172653486,-0.9701163247482327,3.307058051283093,FILLED
38796302185,38802878732,binance->coinbase,0.25,binance,coinbase,31792.77265837167,31788.26018399646,1.137934674115968,-5.896583245120382,7.03451791923635,FILLED
38805072190,38810402071,binance->coinbase,0.25,binance,coinbase,31835.485978135144,31827.86236712683,1.4419563950514203,-6.6804632876983305,8.12241968274975,FILLED
38870994554,38877099609,binance->coinbase,0.25,binance,coinbase,31823.49588821873,31813.53209443001,1.6327238341282282,-7.263476451033966,8.896200285162195,FILLED
39004901098,39010352290,coinbase->binance,0.25,coinbase,binance,31931.44547801226,31927.175630531525,1.1616932101769635,-5.85696519951216,7.018658409689124,FILLED
39005813521,39012234691,coinbase->binance,0.25,coinbase,binance,31927.153731909224,31927.175630531525,2.0417361996105683,-4.783599499142838,6.825335698753406,FILLED
39006224181,39012234691,coinbase->binance,0.25,coinbase,binance,31927.153731909224,31927.175630531525,1.286618555257519,-4.783599499142838,6.070218054400357,FILLED
39029335322,39035890140,binance->coinbase,0.25,binance,coinbase,31892.733712903326,31905.699968392728,1.445982505018037,-1.5436428101338606,2.9896253151518977,FILLED
39077937785,39084493012,binance->coinbase,0.25,binance,coinbase,31729.89521316705,31726.183660643957,1.7533116068134404,-5.687001257495467,7.440312864308908,FILLED
39078495211,39084493012,binance->coinbase,0.25,binance,coinbase,31729.89521316705,31726.183660643957,2.0166817280933174,-5.687001257495467,7.7036829855887845,FILLED
39129091643,39135616859,coinbase->binance,0.25,coinbase,binance,31621.33617827072,31632.003808159574,1.2337237868832744,-2.0768263360214405,3.310550122904715,FILLED
39402162146,39407523115,binance->coinbase,0.25,binance,coinbase,31655.101484426927,31670.358181659012,2.213980332184292,-0.9356165843655617,3.1495969165498536,FILLED
39462968177,39469006870,coinbase->binance,0.25,coinbase,binance,31717.098352362285,31712.459386001992,1.9895065393675395,-5.917074394609699,7.906580933977239,FILLED
39632350611,39639005240,coinbase->binance,0.25,coinbase,binance,31594.73826220625,31614.879710692585,2.7831926728667895,0.2951443098281743,2.488048363038615,FILLED
39660512295,39666459948,coinbase->binance,0.25,coinbase,binance,31641.300404667145,31639.398412381674,6.6576577445875955,-5.221598032453585,11.87925577704118,FILLED
39739306001,39745090014,binance->coinbase,0.25,binance,coinbase,31519.69775997475,31513.924460264414,1.8869452949784318,-6.170702261610131,8.057647556588563,FILLED
39992615316,39998340195,binance->coinbase,0.25,binance,coinbase,31354.11895837168,31363.75512289701,0.8250541677180081,-2.295040328875075,3.120094496593083,FILLED
40019121854,40025234731,coinbase->binance,0.25,coinbase,binance,31262.255805530964,31242.353449933682,1.9046881019867214,-9.663932152369853,11.568620254356574,FILLED
40028180592,40035001122,coinbase->binance,0.25,coinbase,binance,31228.30492253866,31226.897531745126,1.3149310424050782,-5.03602306722496,6.350954109630038,FILLED
40081668302,40087517847,binance->coinbase,0.25,binance,coinbase,31184.80740186067,31179.414905774367,0.835834138325481,-6.025305882246357,6.861140020571838,FILLED
40138369995,40145224958,binance->coinbase,0.25,binance,coinbase,31154.745712853168,31149.84949749476,0.7908019747919752,-5.896776074993795,6.68757804978577,FILLED
40210689114,40216308870,coinbase->binance,0.25,coinbase,binance,31229.787838714277,31222.417025939023,0.9029749780102065,-6.5268028289819995,7.429777806992206,FILLED
40491800860,40497322061,binance->coinbase,0.25,binance,coinbase,31323.124728001832,31327.110108439767,2.651013956294264,-3.7025221377607522,6.353536094055016,FILLED
40491859319,40497322061,binance->coinbase,0.25,binance,coinbase,31323.124728001832,31327.110108439767,1.177157195813379,-3.7025221377607522,4.879679333574131,FILLED
40726024844,40733266142,coinbase->binance,0.25,coinbase,binance,31394.69639471675,31402.158022946747,1.365885113393233,-2.844170483119342,4.210055596512575,FILLED
40993941792,40999515437,coinbase->binance,0.25,coinbase,binance,31505.74700719184,31514.47525554389,1.9165861514384233,-2.544236375483706,4.460822526922129,FILLED
40994061288,40999936049,coinbase->binance,0.25,coinbase,binance,31511.978203165363,31514.47525554389,1.1622176632363335,-4.102658488461202,5.2648761516975355,FILLED
41125642381,41132129172,coinbase->binance,0.25,coinbase,binance,31494.630811541305,31515.000407948042,4.67250487671663,0.3671860001331879,4.305318876583442,FILLED
41139616362,41145432517,coinbase->binance,0.25,coinbase,binance,31458.16161593328,31473.46900390169,2.2546521970980393,-0.8926426196867396,3.147294816784779,FILLED
41167712203,41173262013,binance->coinbase,0.25,binance,coinbase,31447.764944337505,31445.97335717537,1.7151208235836748,-5.1648823734676625,6.880003197051337,FILLED
41299258105,41305627899,binance->coinbase,0.25,binance,coinbase,31480.27614405797,31487.186812611846,1.1750741183259379,-2.995065349995457,4.170139468321395,FILLED
41299514627,41305627899,binance->coinbase,0.25,binance,coinbase,31480.27614405797,31487.186812611846,2.248604036841243,-2.995065349995457,5.2436693868367,FILLED
41300539979,41307001816,binance->coinbase,0.25,binance,coinbase,31480.27614405797,31488.09348079963,3.706286115162584,-2.7684889698684856,6.4747750850310695,FILLED
41367949419,41373600468,binance->coinbase,0.25,binance,coinbase,31523.00495424807,31517.61209653706,0.928217496833895,-6.076125885118927,7.004343381952822,FILLED
41485242345,41491207885,binance->coinbase,0.25,binance,coinbase,31384.268124572587,31380.6835378236,1.1623476976619713,-5.603428447258011,6.7657761449199825,FILLED
41485819952,41491917054,binance->coinbase,0.25,binance,coinbase,31389.166950241786,31380.6835378236,4.623494634623967,-6.828379805841905,11.451874440465872,FILLED
41682197014,41688337258,binance->coinbase,0.25,binance,coinbase,31107.338224824278,31098.88642353832,3.434501205209017,-6.778205875085405,10.212707080294422,FILLED
41728828869,41735602766,coinbase->binance,0.25,coinbase,binance,31090.23661469154,31100.506913712816,1.572848514890211,-2.096474251836298,3.669322766726509,FILLED
41858241422,41863833559,binance->coinbase,0.25,binance,coinbase,31193.12250553848,31192.0944984835,1.7284656938691114,-4.935867338869684,6.664333032738796,FILLED
41881180496,41888368243,coinbase->binance,0.25,coinbase,binance,31132.971440509467,31124.456220786644,1.1863087069041285,-6.798324885796319,7.9846335927004475,FILLED
41895190034,41901315127,binance->coinbase,0.25,binance,coinbase,31086.141850896074,31085.232042500687,1.7810253253310293,-4.890282395641407,6.671307720972436,FILLED
42081735687,42087744115,coinbase->binance,0.25,coinbase,binance,30981.159792675295,30977.457650520675,1.2797186540674375,-5.572524400447946,6.852243054515384,FILLED
42081775544,42087744115,coinbase->binance,0.25,coinbase,binance,30981.159792675295,30977.457650520675,1.204643671082522,-5.572524400447946,6.777168071530468,FILLED
42110178655,42116582158,binance->coinbase,0.25,binance,coinbase,30954.299568041235,30953.018604166475,0.8137791296085197,-4.963257807508853,5.777036937117373,FILLED
42159368451,42165464914,coinbase->binance,0.25,coinbase,binance,30940.37320025035,30937.16156485222,1.4735859633128712,-5.443804247799562,6.9173902111124335,FILLED
42173488387,42179302452,coinbase->binance,0.25,coinbase,binance,30920.964578872823,30913.844412904862,1.466096805070265,-6.417830170522393,7.883926975592658,FILLED
42222635579,42229179818,coinbase->binance,0.25,coinbase,binance,30891.548373996266,30898.370477974167,3.3324952702050723,-2.928547366822386,6.261042637027458,FILLED
42222772717,42228000855,coinbase->binance,0.25,coinbase,binance,30894.48905276137,30912.416388773658,1.5668234084587311,-0.15323572164379584,1.720059130102527,FILLED
42230110192,42237398266,binance->coinbase,0.25,binance,coinbase,30869.024033885333,30867.125278367002,0.8373181543493047,-5.10485260911355,5.942170763462855,FILLED
42318528714,42325326939,binance->coinbase,0.25,binance,coinbase,30808.91235346344,30804.613791576583,3.2547370131869684,-5.695547468544646,8.950284481731615,FILLED
42318976556,42325326939,binance->coinbase,0.25,binance,coinbase,30808.91235346344,30804.613791576583,3.14325184869449,-5.695547468544646,8.838799317239136,FILLED
42361424593,42367100082,binance->coinbase,0.25,binance,coinbase,30765.844695193944,30781.975450200836,1.0309178549969147,-0.5838010280567687,1.6147188830536834,FILLED
42456754708,42462800336,binance->coinbase,0.25,binance,coinbase,30723.36598147164,30694.358289499905,1.6117014846140592,-11.857527120957457,13.469228605571516,FILLED
42462800336,42469196997,coinbase->binance,0.25,coinbase,binance,30729.088893768887,30719.358870093558,1.0890484635774555,-7.041382751714082,8.130431215291537,FILLED
42490381095,42496705547,binance->coinbase,0.25,binance,coinbase,30735.41415382404,30732.837013095523,0.7940314691513777,-5.254339591129792,6.04837106028117,FILLED
42520910519,42526437406,coinbase->binance,0.25,coinbase,binance,30717.590658652913,30713.81761143416,0.8524320725846337,-5.550711751125164,6.403143823709797,FILLED
42521706903,42527378614,coinbase->binance,0.25,coinbase,binance,30712.085288724735,30713.81761143416,1.6839379024286245,-4.173818732087966,5.857756634516591,FILLED
42541381487,42547067428,binance->coinbase,0.25,binance,coinbase,30701.750203764113,30692.09415266707,1.430513427142614,-7.018309699716156,8.44882312685877,FILLED
42599018023,42604874318,coinbase->binance,0.25,coinbase,binance,30721.233390239915,30715.1061976988,1.0638391169277384,-6.139676784187941,7.203515901115679,FILLED
42667396823,42673052389,binance->coinbase,0.25,binance,coinbase,30785.33036901956,30775.304777588797,2.3826493611550177,-7.1231948539007135,9.505844215055731,FILLED
42692513773,42698566388,binance->coinbase,0.25,binance,coinbase,30747.934506943933,30744.648524505392,0.9621555246449134,-5.433357187433103,6.395512712078016,FILLED
42762455144,42768772649,coinbase->binance,0.25,coinbase,binance,30647.817989719544,30669.29102524724,2.6719617720536917,0.7700125316896447,1.901949240364047,FILLED
42768772649,42775102210,coinbase->binance,0.25,coinbase,binance,30664.332207580326,30662.98441562615,0.7700125316896447,-4.9365304300836215,5.706542961773266,FILLED
42829060015,42835102451,coinbase->binance,0.25,coinbase,binance,30645.385640217162,30653.34138123521,5.842458447108584,-2.6082703785723425,8.450728825680926,FILLED
43006178723,43013429987,binance->coinbase,0.25,binance,coinbase,30798.699204853307,30783.58597845191,1.0961142890482733,-8.39660015843765,9.492714447485923,FILLED
43008232482,43014786185,binance->coinbase,0.25,binance,coinbase,30779.25347288328,30783.58597845191,1.1830758727710418,-3.5341948793320626,4.717270752103104,FILLED
43009111844,43014786185,binance->coinbase,0.25,binance,coinbase,30779.25347288328,30783.58597845191,4.2620296993382,-3.5341948793320626,7.796224578670262,FILLED
43049684854,43055632554,coinbase->binance,0.25,coinbase,binance,30822.7697746117,30829.127610764597,5.071368596250068,-3.0342743197752498,8.105642916025317,FILLED
43086918896,43094510337,binance->coinbase,0.25,binance,coinbase,30789.38630461417,30797.777733157825,1.7218714517985063,-2.521389952633399,4.243261404431905,FILLED
43152118172,43158470629,coinbase->binance,0.25,coinbase,binance,30676.738132849558,30665.336269442534,1.0238196692744168,-7.451406478513491,8.475226147787907,FILLED
43159727654,43164805195,binance->coinbase,0.25,binance,coinbase,30688.01302009482,30701.62172576435,1.5810018046440746,-1.2023864061984568,2.7833882108425314,FILLED
43223796263,43229662959,coinbase->binance,0.25,coinbase,binance,30554.597938773917,30550.974637526913,0.90092844910032,-5.488833837504899,6.389762286605219,FILLED
43618487865,43624520989,coinbase->binance,0.25,coinbase,binance,30819.268198737493,30816.96827201875,0.7959427401638095,-5.197756913160447,5.993699653324256,FILLED
43660096207,43666219387,coinbase->binance,0.25,coinbase,binance,30838.095656437035,30823.133547683414,1.5530304180583698,-8.365493431433606,9.918523849491976,FILLED
43685174108,43691190063,binance->coinbase,0.25,binance,coinbase,30897.662238819106,30894.343477916667,3.3714052339028058,-5.464007685342949,8.835412919245755,FILLED
43793182706,43799168171,binance->coinbase,0.25,binance,coinbase,30857.157123070396,30851.714269204687,1.5651552021508905,-5.988742749500489,7.553897951651379,FILLED
43882864780,43889780263,binance->coinbase,0.25,binance,coinbase,30819.292915695627,30822.897072579504,1.3512825871566747,-3.722215132072961,5.0734977192296355,FILLED
43934650514,43940662623,coinbase->binance,0.25,coinbase,binance,30781.588827131167,30781.628445120412,1.1762983625849301,-4.6073358076582736,5.783634170243204,FILLED
43947902804,43953503900,coinbase->binance,0.25,coinbase,binance,30810.315584545293,30806.314964868296,1.178148700930251,-5.621502225947552,6.799650926877803,FILLED
43999955256,44006368646,coinbase->binance,0.25,coinbase,binance,30730.948913091765,30745.017076845343,2.4758581442065406,-1.0933048067563504,3.569162950962891,FILLED
44313721111,44319078397,binance->coinbase,0.25,binance,coinbase,30791.30701624673,30786.804788021844,4.134867429832411,-5.743802885835976,9.878670315668387,FILLED
44320603765,44326420749,binance->coinbase,0.25,binance,coinbase,30791.999767477508,30804.370454379034,1.2150603534546462,-1.5273653084304897,2.742425661885136,FILLED
44384348420,44389743242,binance->coinbase,0.25,binance,coinbase,30844.789257275064,30822.440596472676,1.743936450317051,-10.211648723108738,11.955585173425789,FILLED
44490061515,44496115580,coinbase->binance,0.25,coinbase,binance,30968.415122696388,30964.332558490205,1.3851393225440916,-5.6656991917398045,7.050838514283896,FILLED
44533656715,44539179729,binance->coinbase,0.25,binance,coinbase,31029.32776061512,31032.54424003243,1.7483588236382275,-3.8506009577067744,5.598959781345002,FILLED
44821191792,44826570620,coinbase->binance,0.25,coinbase,binance,30853.937533698823,30850.444104002872,0.8846884669301289,-5.5012733825578835,6.385961849488012,FILLED
44880109479,44886533541,coinbase->binance,0.25,coinbase,binance,30935.089626683195,30906.03447436064,1.125276314139228,-11.902598767024756,13.027875081163984,FILLED
44886533541,44893379053,binance->coinbase,0.25,binance,coinbase,30949.075774980633,30953.640826304392,1.0216775821318151,-3.501555040439598,4.523232622571413,FILLED
44974248063,44979646087,coinbase->binance,0.25,coinbase,binance,31013.59406396311,31002.410275694834,1.1002144868562027,-7.447426987249855,8.547641474106058,FILLED
45033311753,45039701287,coinbase->binance,0.25,coinbase,binance,31083.478189728885,31077.932794916782,1.9867037941194212,-6.048593161744975,8.035296955864396,FILLED
45060177780,45065699657,coinbase->binance,0.25,coinbase,binance,31136.882214353565,31142.364100324085,3.6189466848927623,-3.300334933821432,6.919281618714194,FILLED
45124242648,45130342634,coinbase->binance,0.25,coinbase,binance,31069.705468098735,31067.582452872175,1.262606154074092,-5.1911034760933035,6.4537096301673955,FILLED
45145498777,45151462554,binance->coinbase,0.25,binance,coinbase,30998.926569272233,31000.621519227912,1.0872539665260774,-4.2262709914657535,5.313524957991831,FILLED
45147874073,45153522785,coinbase->binance,0.25,coinbase,binance,30996.608055599074,30993.11165346958,0.7823439922885882,-5.5234169206069055,6.305760912895494,FILLED
45230806052,45236392508,binance->coinbase,0.25,binance,coinbase,31111.87245585284,31100.84462225495,1.6046829593415168,-7.422636484490795,9.027319443832312,FILLED
45431746781,45437995749,binance->coinbase,0.25,binance,coinbase,31252.715229911308,31247.024756951283,1.937159590029296,-6.109956477196647,8.047116067225943,FILLED
45541074880,45546640467,coinbase->binance,0.25,coinbase,binance,31147.449819429683,31147.54685544868,2.178176714928668,-4.647863319965836,6.826040034894504,FILLED
45548331419,45553702504,coinbase->binance,0.25,coinbase,binance,31113.57381282637,31114.519394704774,1.00114957752794,-4.430687881416816,5.431837458944756,FILLED
45612361688,45617857411,coinbase->binance,0.25,coinbase,binance,31053.459549208274,31053.876115883602,3.032072534971121,-4.553898091882729,7.58597062685385,FILLED
45806037949,45812100605,binance->coinbase,0.25,binance,coinbase,31049.607414905935,31031.88655214976,4.634399579291312,-9.085884715002976,13.720284294294288,FILLED
45817879428,45823691907,coinbase->binance,0.25,coinbase,binance,31009.578856445358,31013.329643921104,0.9761761179188397,-3.713927498904013,4.690103616822853,FILLED
45934643609,45940856448,binance->coinbase,0.25,binance,coinbase,30906.43886156526,30911.625648244993,2.073120735181874,-3.3397878379691974,5.412908573151071,FILLED
45935704071,45942235078,binance->coinbase,0.25,binance,coinbase,30913.87209706507,30903.277346389437,4.628475609547422,-7.284709008399659,11.913184617947081,FILLED
45936280344,45942235078,binance->coinbase,0.25,binance,coinbase,30913.87209706507,30903.277346389437,3.815700730797289,-7.284709008399659,11.100409739196948,FILLED
45984539355,45990601210,binance->coinbase,0.25,binance,coinbase,30852.980219471436,30854.24174779228,1.9310815552516942,-4.312691105542399,6.243772660794093,FILLED
46120750625,46126679211,coinbase->binance,0.25,coinbase,binance,30877.406376946725,30874.273693425926,5.776756636769278,-5.41462520256573,11.191381839335008,FILLED
46209401357,46214716814,coinbase->binance,0.25,coinbase,binance,30879.89776108909,30870.662268129166,2.237846232058473,-6.940396129496548,9.178242361555021,FILLED
46357388120,46363574611,coinbase->binance,0.25,coinbase,binance,30817.198052997916,30826.904381704582,0.80022682867002,-2.196482847718471,2.996709676388491,FILLED
46493983523,46499363392,binance->coinbase,0.25,binance,coinbase,30805.91236488712,30794.037184002656,0.8811425861167663,-7.588494557760896,8.469637143877662,FILLED
46514042492,46519409191,binance->coinbase,0.25,binance,coinbase,30807.233736311682,30806.857035258538,2.866456784948241,-4.715222653627279,7.58167943857552,FILLED
46514382522,46521509648,binance->coinbase,0.25,binance,coinbase,30802.749284752703,30801.485949050748,0.8812746252879151,-4.9361199846316595,5.817394609919575,FILLED
46826725618,46833542363,coinbase->binance,0.25,coinbase,binance,30776.246747633173,30770.555848847787,1.800816161547118,-6.03887716355257,7.839693325099688,FILLED
46827098760,46833542363,coinbase->binance,0.25,coinbase,binance,30776.246747633173,30770.555848847787,0.8505028621466408,-6.03887716355257,6.889380025699211,FILLED
46846756872,46852270056,binance->coinbase,0.25,binance,coinbase,30738.398752238525,30736.807514540753,1.5146292730514688,-5.008410113508944,6.523039386560413,FILLED
47034409018,47039853154,binance->coinbase,0.25,binance,coinbase,30696.09661424158,30698.068509214067,2.099200768853734,-4.111637938512104,6.210838707365838,FILLED
47240502899,47247006956,binance->coinbase,0.25,binance,coinbase,30693.572055412213,30690.21351179323,0.883333996734109,-5.443335858694809,6.326669855428918,FILLED
47396244138,47402201399,binance->coinbase,0.25,binance,coinbase,30718.695228330325,30706.98289790487,1.1357307724028942,-7.534715657571724,8.670446429974618,FILLED
47618345977,47623915410,coinbase->binance,0.25,coinbase,binance,30543.810644814817,30546.405192287843,3.9012556451834826,-3.933064455839485,7.834320101022968,FILLED
47620101203,47626370776,coinbase->binance,0.25,coinbase,binance,30550.06378818021,30547.949208322483,1.2091323613867644,-5.111048803665653,6.320181165052418,FILLED
47646085332,47652126514,binance->coinbase,0.25,binance,coinbase,30525.177410364515,30509.64907838497,1.490470961709434,-8.459306773243043,9.949777734952477,FILLED
47695466409,47701083039,binance->coinbase,0.25,binance,coinbase,30573.751632814303,30560.056274557468,4.0336199189659965,-8.008532773304978,12.042152692270975,FILLED
47763555826,47769243173,coinbase->binance,0.25,coinbase,binance,30465.128324590198,30464.236935384382,1.3563273279114583,-4.792571980681714,6.1488993085931725,FILLED
47789091126,47796191699,coinbase->binance,0.25,coinbase,binance,30421.04805818864,30412.5512191986,2.3745971557518715,-6.686942114288286,9.061539270040157,FILLED
47844695178,47850596956,binance->coinbase,0.25,binance,coinbase,30421.46590789957,30403.914653569667,1.6323981260147775,-8.949278343226979,10.581676469241756,FILLED
47848505920,47854510358,binance->coinbase,0.25,binance,coinbase,30410.872572171917,30406.06191514876,1.073871293297998,-5.7638140759127054,6.837685369210703,FILLED
47897809605,47903681432,coinbase->binance,0.25,coinbase,binance,30473.345572180275,30469.659894660635,1.0345325867574502,-5.492236931861044,6.526769518618494,FILLED
47928695762,47934186938,binance->coinbase,0.25,binance,coinbase,30546.431646624762,30560.163424954408,3.05421475383082,-1.1503933424146453,4.204608096245465,FILLED
47959341664,47965894739,coinbase->binance,0.25,coinbase,binance,30505.850727529843,30508.721515516743,5.1786583288921975,-3.8583241518044815,9.036982480696679,FILLED
48150709103,48156133725,binance->coinbase,0.25,binance,coinbase,30363.58520550151,30361.925027374677,1.2625272588284133,-4.969416294720759,6.231943553549172,FILLED
48177943361,48185067288,coinbase->binance,0.25,coinbase,binance,30336.88093794816,30330.18368612599,0.9961120341376954,-6.224510233643741,7.220622267781437,FILLED
48194187021,48201421666,binance->coinbase,0.25,binance,coinbase,30332.92949135843,30320.768118856242,1.1144778091811531,-7.589066412000648,8.7035442211818,FILLED
48350239437,48356736569,coinbase->binance,0.25,coinbase,binance,30304.682964307874,30287.73963267446,1.0551480603180607,-8.780688186418047,9.835836246736108,FILLED
48467891622,48474442842,coinbase->binance,0.25,coinbase,binance,30342.551579021405,30354.46108016883,0.817594885962535,-1.5746029250549327,2.3921978110174678,FILLED
48468270504,48474442842,coinbase->binance,0.25,coinbase,binance,30342.551579021405,30354.46108016883,1.5929740819738072,-1.5746029250549327,3.16757700702874,FILLED
48479459494,48485501717,binance->coinbase,0.25,binance,coinbase,30356.6094857048,30349.817780232857,2.68878694398245,-6.250738620294214,8.939525564276664,FILLED
48498913065,48504685942,coinbase->binance,0.25,coinbase,binance,30329.62900166322,30343.273719353114,0.9171133999880112,-1.1389471636603048,2.056060563648316,FILLED
48530633282,48536668240,coinbase->binance,0.25,coinbase,binance,30263.88528031648,30274.356711763543,1.718982662905546,-1.922248501854483,3.641231164760029,FILLED
48542916906,48549496886,binance->coinbase,0.25,binance,coinbase,30274.23270578619,30272.0822456002,2.5200483255903237,-5.0785349063471585,7.598583231937482,FILLED
48572764205,48579494320,coinbase->binance,0.25,coinbase,binance,30283.791775190035,30284.48333898637,0.9368343838941655,-4.36971239538434,5.306546779278506,FILLED
48682892033,48688831779,coinbase->binance,0.25,coinbase,binance,30166.517760898063,30163.776465736326,1.3854185649606734,-5.210164389811325,6.595582954771999,FILLED
48683118966,48688831779,coinbase->binance,0.25,coinbase,binance,30166.517760898063,30163.776465736326,1.5820510847242986,-5.210164389811325,6.792215474535624,FILLED
48720309452,48727842777,binance->coinbase,0.25,binance,coinbase,30184.555198330007,30173.486731144993,1.977964979943863,-7.293693229285054,9.271658209228917,FILLED
48812434562,48817574952,binance->coinbase,0.25,binance,coinbase,30107.615426790864,30100.546521505366,1.4254000141436336,-6.2826617448645266,7.70806175900816,FILLED
48847176407,48853176436,coinbase->binance,0.25,coinbase,binance,30171.81557185506,30167.920696404675,1.5301380428072662,-5.49929645460179,7.029434497409056,FILLED
48877887555,48883787966,binance->coinbase,0.25,binance,coinbase,30178.533605906254,30187.366237899627,1.6206135965740032,-2.319505305741586,3.9401189023155894,FILLED
48955607861,48961619927,binance->coinbase,0.25,binance,coinbase,30187.816150290804,30183.918874924657,0.9776362268448793,-5.502101536543705,6.479737763388584,FILLED
49109008240,49115535918,binance->coinbase,0.25,binance,coinbase,30078.092414886654,30075.431793599688,3.7349159320083345,-5.176603121845801,8.911519053854136,FILLED
49109890489,49115535918,binance->coinbase,0.25,binance,coinbase,30078.092414886654,30075.431793599688,1.5068038016470382,-5.176603121845801,6.683406923492839,FILLED
49276094993,49282576661,coinbase->binance,0.25,coinbase,binance,29984.86853792615,29998.10691380162,1.0991733364598986,-1.188798230615248,2.2879715670751466,FILLED
49282906213,49289224094,coinbase->binance,0.25,coinbase,binance,29967.241692112686,29974.92652382786,0.9827333748389719,-2.5742625666089225,3.5569959414478944,FILLED
49284079238,49290407184,coinbase->binance,0.25,coinbase,binance,29967.241692112686,29964.902467840286,2.338136103182478,-5.0797753607030245,7.417911463885503,FILLED
49284682271,49290477655,coinbase->binance,0.25,coinbase,binance,29967.241692112686,29958.08239413176,1.7640314195577957,-6.784452784148925,8.548484203706721,FILLED
49293850980,49300975543,coinbase->binance,0.25,coinbase,binance,29988.232688627548,29981.438090778527,0.8408041931197658,-6.196544635657119,7.037348828776885,FILLED
49410447368,49416529892,coinbase->binance,0.25,coinbase,binance,29900.264417251245,29888.353462776515,2.956229770908976,-7.4621827335458875,10.418412504454864,FILLED
49410475428,49416529892,coinbase->binance,0.25,coinbase,binance,29900.264417251245,29888.353462776515,1.1698548380345528,-7.4621827335458875,8.63203757158044,FILLED
49625323256,49632105946,coinbase->binance,0.25,coinbase,binance,29901.374525334275,29887.89187920293,4.313950893168112,-7.855193579330262,12.169144472498374,FILLED
49747719509,49753510147,coinbase->binance,0.25,coinbase,binance,29853.359806622557,29851.491359653224,1.373249988248972,-4.945022290978159,6.318272279227131,FILLED
49760644410,49766349022,binance->coinbase,0.25,binance,coinbase,29880.631773577355,29875.768277695723,0.9817742626601103,-5.697482386856791,6.679256649516901,FILLED
49761671519,49768791127,binance->coinbase,0.25,binance,coinbase,29883.149523581535,29875.768277695723,2.0025567423590473,-6.32704577540153,8.329602517760577,FILLED
49777316750,49783382615,coinbase->binance,0.25,coinbase,binance,29955.229986799495,29943.81850995101,1.692653749285455,-7.345583136298956,9.03823688558441,FILLED
49866607365,49872724606,coinbase->binance,0.25,coinbase,binance,29799.07485570707,29802.33509389073,0.9357106273046156,-3.6549646943494736,4.590675321654089,FILLED
49945862228,49952690324,binance->coinbase,0.25,binance,coinbase,29772.044226268677,29769.724366897026,0.7868494910335357,-5.045539490915871,5.832388981949407,FILLED
49962929520,49969102160,binance->coinbase,0.25,binance,coinbase,29796.911704013135,29787.492059676224,4.3548971578529745,-6.823505875396222,11.178403033249197,FILLED
